stormdate,Unnamed: 0,event_id,efscale,windspeed,injuries,deaths,lat,lon,office,dt_valid,inScanTime,valid_sites,radar_path
2023-04-20 00:30:00,129619,Cole-Goldsby,0.0,60,0.0,0.0,35.1873,-97.529,OUN,2023-04-20 00:30:00,True,['KTLX'],['s3://unidata-nexrad-level2/2023/04/20/KTLX/KTLX20230420_002926_V06']
2023-04-20 00:30:00,129621,Cole-Goldsby,0.0,60,0.0,0.0,35.1757,-97.5261,OUN,2023-04-20 00:30:00,True,['KTLX'],['s3://unidata-nexrad-level2/2023/04/20/KTLX/KTLX20230420_002926_V06']
2023-04-20 00:30:00,129622,Cole-Goldsby,0.0,60,0.0,0.0,35.1739,-97.5247,OUN,2023-04-20 00:30:00,True,['KTLX'],['s3://unidata-nexrad-level2/2023/04/20/KTLX/KTLX20230420_002926_V06']
2023-04-20 00:30:00,129623,Cole-Goldsby,0.0,60,0.0,0.0,35.1723,-97.5239,OUN,2023-04-20 00:30:00,True,['KTLX'],['s3://unidata-nexrad-level2/2023/04/20/KTLX/KTLX20230420_002926_V06']
2023-04-20 00:30:00,129625,Cole-Goldsby,0.0,65,0.0,0.0,35.1703,-97.5226,OUN,2023-04-20 00:30:00,True,['KTLX'],['s3://unidata-nexrad-level2/2023/04/20/KTLX/KTLX20230420_002926_V06']
2023-04-20 00:30:00,129626,Cole-Goldsby,0.0,65,0.0,0.0,35.1713,-97.5247,OUN,2023-04-20 00:30:00,True,['KTLX'],['s3://unidata-nexrad-level2/2023/04/20/KTLX/KTLX20230420_002926_V06']
2023-04-20 00:30:00,129627,Cole-Goldsby,0.0,60,0.0,0.0,35.1713,-97.5244,OUN,2023-04-20 00:30:00,True,['KTLX'],['s3://unidata-nexrad-level2/2023/04/20/KTLX/KTLX20230420_002926_V06']
2023-04-20 00:30:00,129628,Cole-Goldsby,0.0,65,0.0,0.0,35.1713,-97.5246,OUN,2023-04-20 00:30:00,True,['KTLX'],['s3://unidata-nexrad-level2/2023/04/20/KTLX/KTLX20230420_002926_V06']
2023-04-20 00:30:00,129629,Cole-Goldsby,0.0,65,0.0,0.0,35.1713,-97.5244,OUN,2023-04-20 00:30:00,True,['KTLX'],['s3://unidata-nexrad-level2/2023/04/20/KTLX/KTLX20230420_002926_V06']
2023-04-20 01:32:00,129635,SW of Etowah,1.0,88,0.0,0.0,35.1219,-97.2653,OUN,2023-04-20 01:32:00,True,['KTLX'],['s3://unidata-nexrad-level2/2023/04/20/KTLX/KTLX20230420_012903_V06']
2023-04-20 00:30:00,129636,Cole-Goldsby,0.0,70,0.0,0.0,35.1605,-97.5197,OUN,2023-04-20 00:30:00,True,['KTLX'],['s3://unidata-nexrad-level2/2023/04/20/KTLX/KTLX20230420_002926_V06']
2023-04-20 01:32:00,129638,SW of Etowah,1.0,88,0.0,0.0,35.1191,-97.2653,OUN,2023-04-20 01:32:00,True,['KTLX'],['s3://unidata-nexrad-level2/2023/04/20/KTLX/KTLX20230420_012903_V06']
2023-04-20 01:32:00,129639,SW of Etowah,0.0,74,0.0,0.0,35.1219,-97.2652,OUN,2023-04-20 01:32:00,True,['KTLX'],['s3://unidata-nexrad-level2/2023/04/20/KTLX/KTLX20230420_012903_V06']
2023-04-20 01:32:00,129640,SW of Etowah,1.0,88,0.0,0.0,35.1192,-97.2674,OUN,2023-04-20 01:32:00,True,['KTLX'],['s3://unidata-nexrad-level2/2023/04/20/KTLX/KTLX20230420_012903_V06']
2023-04-20 01:32:00,129643,SW of Etowah,0.0,85,0.0,0.0,35.1168,-97.2751,OUN,2023-04-20 01:32:00,True,['KTLX'],['s3://unidata-nexrad-level2/2023/04/20/KTLX/KTLX20230420_012903_V06']
2023-04-20 01:32:00,129644,SW of Etowah,1.0,88,0.0,0.0,35.1191,-97.2674,OUN,2023-04-20 01:32:00,True,['KTLX'],['s3://unidata-nexrad-level2/2023/04/20/KTLX/KTLX20230420_012903_V06']
2023-04-20 01:36:00,129645,Etowah,0.0,74,0.0,0.0,35.1275,-97.2597,OUN,2023-04-20 01:36:00,True,['KTLX'],['s3://unidata-nexrad-level2/2023/04/20/KTLX/KTLX20230420_013540_V06']
2023-04-20 01:36:00,129646,Etowah,1.0,90,0.0,0.0,35.1265,-97.2597,OUN,2023-04-20 01:36:00,True,['KTLX'],['s3://unidata-nexrad-level2/2023/04/20/KTLX/KTLX20230420_013540_V06']
2023-04-20 01:36:00,129647,Etowah,0.0,74,0.0,0.0,35.1265,-97.2597,OUN,2023-04-20 01:36:00,True,['KTLX'],['s3://unidata-nexrad-level2/2023/04/20/KTLX/KTLX20230420_013540_V06']
2023-04-20 01:36:00,129648,Etowah,0.0,60,0.0,0.0,35.1309,-97.2597,OUN,2023-04-20 01:36:00,True,['KTLX'],['s3://unidata-nexrad-level2/2023/04/20/KTLX/KTLX20230420_013540_V06']
2023-04-20 01:36:00,129649,Etowah,1.0,88,0.0,0.0,35.1255,-97.2598,OUN,2023-04-20 01:36:00,True,['KTLX'],['s3://unidata-nexrad-level2/2023/04/20/KTLX/KTLX20230420_013540_V06']
2023-04-20 01:36:00,129650,Etowah,1.0,93,0.0,0.0,35.1255,-97.2597,OUN,2023-04-20 01:36:00,True,['KTLX'],['s3://unidata-nexrad-level2/2023/04/20/KTLX/KTLX20230420_013540_V06']
2023-04-20 00:30:00,129651,Cole-Goldsby,0.0,70,0.0,0.0,35.1605,-97.5229,OUN,2023-04-20 00:30:00,True,['KTLX'],['s3://unidata-nexrad-level2/2023/04/20/KTLX/KTLX20230420_002926_V06']
2023-04-20 01:36:00,129652,Etowah,0.0,65,0.0,0.0,35.1255,-97.2597,OUN,2023-04-20 01:36:00,True,['KTLX'],['s3://unidata-nexrad-level2/2023/04/20/KTLX/KTLX20230420_013540_V06']
2023-04-20 01:36:00,129653,Etowah,0.0,61,0.0,0.0,35.1252,-97.2574,OUN,2023-04-20 01:36:00,True,['KTLX'],['s3://unidata-nexrad-level2/2023/04/20/KTLX/KTLX20230420_013540_V06']
2023-04-20 01:36:00,129654,Etowah,1.0,93,0.0,0.0,35.1264,-97.2574,OUN,2023-04-20 01:36:00,True,['KTLX'],['s3://unidata-nexrad-level2/2023/04/20/KTLX/KTLX20230420_013540_V06']
2023-04-20 01:36:00,129656,Etowah,0.0,61,0.0,0.0,35.1257,-97.2574,OUN,2023-04-20 01:36:00,True,['KTLX'],['s3://unidata-nexrad-level2/2023/04/20/KTLX/KTLX20230420_013540_V06']
2023-04-20 01:36:00,129657,Etowah,0.0,74,0.0,0.0,35.1372,-97.2475,OUN,2023-04-20 01:36:00,True,['KTLX'],['s3://unidata-nexrad-level2/2023/04/20/KTLX/KTLX20230420_013540_V06']
2023-04-20 01:36:00,129658,Etowah,1.0,88,0.0,0.0,35.1287,-97.2574,OUN,2023-04-20 01:36:00,True,['KTLX'],['s3://unidata-nexrad-level2/2023/04/20/KTLX/KTLX20230420_013540_V06']
2023-04-20 01:36:00,129659,Etowah,0.0,74,0.0,0.0,35.1312,-97.2367,OUN,2023-04-20 01:36:00,True,['KTLX'],['s3://unidata-nexrad-level2/2023/04/20/KTLX/KTLX20230420_013540_V06']
2023-04-20 00:30:00,129660,Cole-Goldsby,0.0,80,0.0,0.0,35.1605,-97.521,OUN,2023-04-20 00:30:00,True,['KTLX'],['s3://unidata-nexrad-level2/2023/04/20/KTLX/KTLX20230420_002926_V06']
2023-04-20 01:36:00,129661,Etowah,2.0,127,0.0,0.0,35.1317,-97.2354,OUN,2023-04-20 01:36:00,True,['KTLX'],['s3://unidata-nexrad-level2/2023/04/20/KTLX/KTLX20230420_013540_V06']
2023-04-20 01:36:00,129662,Etowah,2.0,135,0.0,0.0,35.1314,-97.2355,OUN,2023-04-20 01:36:00,True,['KTLX'],['s3://unidata-nexrad-level2/2023/04/20/KTLX/KTLX20230420_013540_V06']
2023-04-20 00:30:00,129666,Cole-Goldsby,0.0,70,0.0,0.0,35.1581,-97.519,OUN,2023-04-20 00:30:00,True,['KTLX'],['s3://unidata-nexrad-level2/2023/04/20/KTLX/KTLX20230420_002926_V06']
2023-04-20 00:30:00,129680,Cole-Goldsby,2.0,120,0.0,0.0,35.1421,-97.5222,OUN,2023-04-20 00:30:00,True,['KTLX'],['s3://unidata-nexrad-level2/2023/04/20/KTLX/KTLX20230420_002926_V06']
2023-04-20 00:30:00,129683,Cole-Goldsby,2.0,132,0.0,0.0,35.1007,-97.5718,OUN,2023-04-20 00:30:00,True,['KTLX'],['s3://unidata-nexrad-level2/2023/04/20/KTLX/KTLX20230420_002926_V06']
2023-04-20 01:32:00,129686,SW of Etowah,0.0,75,0.0,0.0,35.121,-97.2653,OUN,2023-04-20 01:32:00,True,['KTLX'],['s3://unidata-nexrad-level2/2023/04/20/KTLX/KTLX20230420_012903_V06']
2023-04-20 01:36:00,129687,Etowah,0.0,80,0.0,0.0,35.1267,-97.2574,OUN,2023-04-20 01:36:00,True,['KTLX'],['s3://unidata-nexrad-level2/2023/04/20/KTLX/KTLX20230420_013540_V06']
2023-04-20 01:36:00,129688,Etowah,0.0,74,0.0,0.0,35.1314,-97.2369,OUN,2023-04-20 01:36:00,True,['KTLX'],['s3://unidata-nexrad-level2/2023/04/20/KTLX/KTLX20230420_013540_V06']
2023-04-20 01:36:00,129689,Etowah,0.0,79,0.0,0.0,35.1344,-97.2476,OUN,2023-04-20 01:36:00,True,['KTLX'],['s3://unidata-nexrad-level2/2023/04/20/KTLX/KTLX20230420_013540_V06']
2023-04-20 01:36:00,129690,Etowah,1.0,105,0.0,0.0,35.1313,-97.2476,OUN,2023-04-20 01:36:00,True,['KTLX'],['s3://unidata-nexrad-level2/2023/04/20/KTLX/KTLX20230420_013540_V06']
2023-04-20 00:30:00,129691,Cole-Goldsby,2.0,113,0.0,0.0,35.1425,-97.5221,OUN,2023-04-20 00:30:00,True,['KTLX'],['s3://unidata-nexrad-level2/2023/04/20/KTLX/KTLX20230420_002926_V06']
2023-04-20 00:30:00,129695,Cole-Goldsby,0.0,81,0.0,0.0,35.1315,-97.5199,OUN,2023-04-20 00:30:00,True,['KTLX'],['s3://unidata-nexrad-level2/2023/04/20/KTLX/KTLX20230420_002926_V06']
2023-04-20 02:13:00,129702,,0.0,79,0.0,0.0,35.3254,-97.1402,OUN,2023-04-20 02:13:00,True,['KTLX'],['s3://unidata-nexrad-level2/2023/04/20/KTLX/KTLX20230420_020928_V06']
2023-04-20 01:36:00,129709,Etowah,1.0,109,0.0,0.0,35.1343,-97.2365,OUN,2023-04-20 01:36:00,True,['KTLX'],['s3://unidata-nexrad-level2/2023/04/20/KTLX/KTLX20230420_013540_V06']
2023-04-20 00:30:00,129710,Cole-Goldsby,1.0,107,0.0,0.0,35.0879,-97.6157,OUN,2023-04-20 00:30:00,True,['KTLX'],['s3://unidata-nexrad-level2/2023/04/20/KTLX/KTLX20230420_002926_V06']
2023-04-20 00:30:00,129713,Cole-Goldsby,0.0,60,0.0,0.0,35.1473,-97.5202,OUN,2023-04-20 00:30:00,True,['KTLX'],['s3://unidata-nexrad-level2/2023/04/20/KTLX/KTLX20230420_002926_V06']
2023-04-20 02:13:00,129715,,0.0,79,0.0,0.0,35.2876,-97.1043,OUN,2023-04-20 02:13:00,True,['KTLX'],['s3://unidata-nexrad-level2/2023/04/20/KTLX/KTLX20230420_020928_V06']
2023-04-20 01:47:00,129719,NE of Etowah,0.0,73,0.0,0.0,35.1598,-97.1614,OUN,2023-04-20 01:47:00,True,['KTLX'],['s3://unidata-nexrad-level2/2023/04/20/KTLX/KTLX20230420_014231_V06']
2023-04-20 00:30:00,129720,Cole-Goldsby,1.0,97,0.0,0.0,35.0928,-97.5874,OUN,2023-04-20 00:30:00,True,['KTLX'],['s3://unidata-nexrad-level2/2023/04/20/KTLX/KTLX20230420_002926_V06']
2023-04-20 00:30:00,129721,Cole-Goldsby,1.0,97,0.0,0.0,35.0925,-97.5646,OUN,2023-04-20 00:30:00,True,['KTLX'],['s3://unidata-nexrad-level2/2023/04/20/KTLX/KTLX20230420_002926_V06']
2023-04-20 00:30:00,129722,Cole-Goldsby,3.0,152,0.0,0.0,35.0954,-97.5747,OUN,2023-04-20 00:30:00,True,['KTLX'],['s3://unidata-nexrad-level2/2023/04/20/KTLX/KTLX20230420_002926_V06']
2023-04-20 00:30:00,129730,Cole-Goldsby,2.0,120,0.0,0.0,35.1425,-97.5224,OUN,2023-04-20 00:30:00,True,['KTLX'],['s3://unidata-nexrad-level2/2023/04/20/KTLX/KTLX20230420_002926_V06']
2023-04-20 00:30:00,129733,Cole-Goldsby,1.0,107,0.0,0.0,35.1402,-97.5219,OUN,2023-04-20 00:30:00,True,['KTLX'],['s3://unidata-nexrad-level2/2023/04/20/KTLX/KTLX20230420_002926_V06']
2023-04-20 00:30:00,129734,Cole-Goldsby,2.0,115,0.0,0.0,35.1416,-97.5231,OUN,2023-04-20 00:30:00,True,['KTLX'],['s3://unidata-nexrad-level2/2023/04/20/KTLX/KTLX20230420_002926_V06']
2023-04-20 00:30:00,129735,Cole-Goldsby,0.0,74,0.0,0.0,35.1425,-97.5239,OUN,2023-04-20 00:30:00,True,['KTLX'],['s3://unidata-nexrad-level2/2023/04/20/KTLX/KTLX20230420_002926_V06']
2023-04-20 00:30:00,129738,Cole-Goldsby,1.0,100,0.0,0.0,35.1394,-97.5259,OUN,2023-04-20 00:30:00,True,['KTLX'],['s3://unidata-nexrad-level2/2023/04/20/KTLX/KTLX20230420_002926_V06']
2023-04-20 00:30:00,129741,Cole-Goldsby,2.0,125,0.0,0.0,35.1459,-97.5218,OUN,2023-04-20 00:30:00,True,['KTLX'],['s3://unidata-nexrad-level2/2023/04/20/KTLX/KTLX20230420_002926_V06']
2023-04-20 00:30:00,129742,Cole-Goldsby,2.0,115,0.0,0.0,35.1472,-97.5216,OUN,2023-04-20 00:30:00,True,['KTLX'],['s3://unidata-nexrad-level2/2023/04/20/KTLX/KTLX20230420_002926_V06']
2023-04-20 00:30:00,129743,Cole-Goldsby,0.0,80,0.0,0.0,35.1501,-97.5225,OUN,2023-04-20 00:30:00,True,['KTLX'],['s3://unidata-nexrad-level2/2023/04/20/KTLX/KTLX20230420_002926_V06']
2023-04-20 00:30:00,129744,Cole-Goldsby,0.0,75,0.0,0.0,35.1524,-97.5225,OUN,2023-04-20 00:30:00,True,['KTLX'],['s3://unidata-nexrad-level2/2023/04/20/KTLX/KTLX20230420_002926_V06']
2023-04-20 00:30:00,129748,Cole-Goldsby,0.0,74,0.0,0.0,35.1482,-97.5236,OUN,2023-04-20 00:30:00,True,['KTLX'],['s3://unidata-nexrad-level2/2023/04/20/KTLX/KTLX20230420_002926_V06']
2023-04-20 00:30:00,129749,Cole-Goldsby,0.0,74,0.0,0.0,35.1501,-97.5243,OUN,2023-04-20 00:30:00,True,['KTLX'],['s3://unidata-nexrad-level2/2023/04/20/KTLX/KTLX20230420_002926_V06']
2023-04-20 00:30:00,129751,Cole-Goldsby,0.0,74,0.0,0.0,35.1329,-97.5187,OUN,2023-04-20 00:30:00,True,['KTLX'],['s3://unidata-nexrad-level2/2023/04/20/KTLX/KTLX20230420_002926_V06']
2023-04-20 00:30:00,129757,Cole-Goldsby,0.0,65,0.0,0.0,35.1373,-97.5196,OUN,2023-04-20 00:30:00,True,['KTLX'],['s3://unidata-nexrad-level2/2023/04/20/KTLX/KTLX20230420_002926_V06']
2023-04-20 00:30:00,129758,Cole-Goldsby,0.0,80,0.0,0.0,35.1373,-97.5196,OUN,2023-04-20 00:30:00,True,['KTLX'],['s3://unidata-nexrad-level2/2023/04/20/KTLX/KTLX20230420_002926_V06']
2023-04-20 00:30:00,129760,Cole-Goldsby,0.0,70,0.0,0.0,35.1315,-97.5162,OUN,2023-04-20 00:30:00,True,['KTLX'],['s3://unidata-nexrad-level2/2023/04/20/KTLX/KTLX20230420_002926_V06']
2023-04-20 00:30:00,129761,Cole-Goldsby,0.0,74,0.0,0.0,35.1315,-97.5164,OUN,2023-04-20 00:30:00,True,['KTLX'],['s3://unidata-nexrad-level2/2023/04/20/KTLX/KTLX20230420_002926_V06']
2023-04-20 00:30:00,129762,Cole-Goldsby,1.0,99,0.0,0.0,35.1315,-97.5271,OUN,2023-04-20 00:30:00,True,['KTLX'],['s3://unidata-nexrad-level2/2023/04/20/KTLX/KTLX20230420_002926_V06']
2023-04-20 00:30:00,129764,Cole-Goldsby,0.0,74,0.0,0.0,35.1315,-97.5382,OUN,2023-04-20 00:30:00,True,['KTLX'],['s3://unidata-nexrad-level2/2023/04/20/KTLX/KTLX20230420_002926_V06']
2023-04-20 02:13:00,129776,,1.0,90,0.0,0.0,35.3333,-97.1486,OUN,2023-04-20 02:13:00,True,['KTLX'],['s3://unidata-nexrad-level2/2023/04/20/KTLX/KTLX20230420_020928_V06']
2023-04-20 00:30:00,129783,Cole-Goldsby,1.0,110,0.0,0.0,35.1332,-97.5231,OUN,2023-04-20 00:30:00,True,['KTLX'],['s3://unidata-nexrad-level2/2023/04/20/KTLX/KTLX20230420_002926_V06']
2023-04-20 02:13:00,129784,,1.0,93,0.0,0.0,35.3333,-97.1552,OUN,2023-04-20 02:13:00,True,['KTLX'],['s3://unidata-nexrad-level2/2023/04/20/KTLX/KTLX20230420_020928_V06']
2023-04-20 02:13:00,129785,,0.0,74,0.0,0.0,35.3267,-97.1421,OUN,2023-04-20 02:13:00,True,['KTLX'],['s3://unidata-nexrad-level2/2023/04/20/KTLX/KTLX20230420_020928_V06']
2023-04-20 02:13:00,129786,,0.0,74,0.0,0.0,35.321,-97.1246,OUN,2023-04-20 02:13:00,True,['KTLX'],['s3://unidata-nexrad-level2/2023/04/20/KTLX/KTLX20230420_020928_V06']
2023-04-20 02:13:00,129787,,1.0,93,0.0,0.0,35.3246,-97.1278,OUN,2023-04-20 02:13:00,True,['KTLX'],['s3://unidata-nexrad-level2/2023/04/20/KTLX/KTLX20230420_020928_V06']
2023-04-20 02:13:00,129788,,0.0,74,0.0,0.0,35.3096,-97.1193,OUN,2023-04-20 02:13:00,True,['KTLX'],['s3://unidata-nexrad-level2/2023/04/20/KTLX/KTLX20230420_020928_V06']
2023-04-20 02:13:00,129789,,0.0,74,0.0,0.0,35.3042,-97.1136,OUN,2023-04-20 02:13:00,True,['KTLX'],['s3://unidata-nexrad-level2/2023/04/20/KTLX/KTLX20230420_020928_V06']
2023-04-20 02:13:00,129790,,1.0,107,0.0,0.0,35.2997,-97.1084,OUN,2023-04-20 02:13:00,True,['KTLX'],['s3://unidata-nexrad-level2/2023/04/20/KTLX/KTLX20230420_020928_V06']
2023-04-20 02:13:00,129917,,0.0,78,0.0,0.0,35.3184,-97.125,OUN,2023-04-20 02:13:00,True,['KTLX'],['s3://unidata-nexrad-level2/2023/04/20/KTLX/KTLX20230420_020928_V06']
2023-04-20 02:13:00,129918,,1.0,94,0.0,0.0,35.3254,-97.1394,OUN,2023-04-20 02:13:00,True,['KTLX'],['s3://unidata-nexrad-level2/2023/04/20/KTLX/KTLX20230420_020928_V06']
2023-04-20 02:13:00,129919,,1.0,107,0.0,0.0,35.3102,-97.1176,OUN,2023-04-20 02:13:00,True,['KTLX'],['s3://unidata-nexrad-level2/2023/04/20/KTLX/KTLX20230420_020928_V06']
2023-04-20 02:13:00,129920,,1.0,90,0.0,0.0,35.2827,-97.1028,OUN,2023-04-20 02:13:00,True,['KTLX'],['s3://unidata-nexrad-level2/2023/04/20/KTLX/KTLX20230420_020928_V06']
2023-04-20 02:13:00,129921,,1.0,87,0.0,0.0,35.2858,-97.104,OUN,2023-04-20 02:13:00,True,['KTLX'],['s3://unidata-nexrad-level2/2023/04/20/KTLX/KTLX20230420_020928_V06']
2023-04-20 02:13:00,129922,,1.0,93,0.0,0.0,35.2888,-97.1073,OUN,2023-04-20 02:13:00,True,['KTLX'],['s3://unidata-nexrad-level2/2023/04/20/KTLX/KTLX20230420_020928_V06']
2023-04-20 00:30:00,129926,Cole-Goldsby,1.0,107,0.0,0.0,35.0961,-97.5823,OUN,2023-04-20 00:30:00,True,['KTLX'],['s3://unidata-nexrad-level2/2023/04/20/KTLX/KTLX20230420_002926_V06']
2023-04-20 02:13:00,129927,,1.0,94,0.0,0.0,35.2966,-97.1081,OUN,2023-04-20 02:13:00,True,['KTLX'],['s3://unidata-nexrad-level2/2023/04/20/KTLX/KTLX20230420_020928_V06']
2023-04-20 02:13:00,129928,,1.0,107,0.0,0.0,35.2833,-97.1036,OUN,2023-04-20 02:13:00,True,['KTLX'],['s3://unidata-nexrad-level2/2023/04/20/KTLX/KTLX20230420_020928_V06']
2023-04-20 02:13:00,129929,,0.0,70,0.0,0.0,35.2856,-97.104,OUN,2023-04-20 02:13:00,True,['KTLX'],['s3://unidata-nexrad-level2/2023/04/20/KTLX/KTLX20230420_020928_V06']
2023-04-20 02:13:00,129930,,1.0,93,0.0,0.0,35.2886,-97.1054,OUN,2023-04-20 02:13:00,True,['KTLX'],['s3://unidata-nexrad-level2/2023/04/20/KTLX/KTLX20230420_020928_V06']
2023-04-20 00:30:00,129931,Cole-Goldsby,1.0,97,0.0,0.0,35.1322,-97.5257,OUN,2023-04-20 00:30:00,True,['KTLX'],['s3://unidata-nexrad-level2/2023/04/20/KTLX/KTLX20230420_002926_V06']
2023-04-20 00:30:00,129934,Cole-Goldsby,2.0,135,0.0,0.0,35.117,-97.5382,OUN,2023-04-20 00:30:00,True,['KTLX'],['s3://unidata-nexrad-level2/2023/04/20/KTLX/KTLX20230420_002926_V06']
2023-04-20 00:30:00,129935,Cole-Goldsby,2.0,127,0.0,0.0,35.1189,-97.5401,OUN,2023-04-20 00:30:00,True,['KTLX'],['s3://unidata-nexrad-level2/2023/04/20/KTLX/KTLX20230420_002926_V06']
2023-04-20 01:46:00,129939,,-1.0,65,0.0,0.0,35.1557,-97.1773,OUN,2023-04-20 01:46:00,True,['KTLX'],['s3://unidata-nexrad-level2/2023/04/20/KTLX/KTLX20230420_014231_V06']
2023-04-20 01:47:00,129940,NE of Etowah,1.0,93,0.0,0.0,35.1599,-97.1659,OUN,2023-04-20 01:47:00,True,['KTLX'],['s3://unidata-nexrad-level2/2023/04/20/KTLX/KTLX20230420_014231_V06']
2023-04-20 01:47:00,129942,NE of Etowah,1.0,100,0.0,0.0,35.1597,-97.1652,OUN,2023-04-20 01:47:00,True,['KTLX'],['s3://unidata-nexrad-level2/2023/04/20/KTLX/KTLX20230420_014231_V06']
2023-04-20 01:47:00,129943,NE of Etowah,1.0,93,0.0,0.0,35.1598,-97.1613,OUN,2023-04-20 01:47:00,True,['KTLX'],['s3://unidata-nexrad-level2/2023/04/20/KTLX/KTLX20230420_014231_V06']
2023-04-20 01:47:00,129944,NE of Etowah,1.0,94,0.0,0.0,35.1686,-97.1596,OUN,2023-04-20 01:47:00,True,['KTLX'],['s3://unidata-nexrad-level2/2023/04/20/KTLX/KTLX20230420_014231_V06']
2023-04-20 01:47:00,129945,NE of Etowah,1.0,107,0.0,0.0,35.1728,-97.1597,OUN,2023-04-20 01:47:00,True,['KTLX'],['s3://unidata-nexrad-level2/2023/04/20/KTLX/KTLX20230420_014231_V06']
2023-04-20 01:47:00,129946,NE of Etowah,2.0,130,0.0,0.0,35.1751,-97.1636,OUN,2023-04-20 01:47:00,True,['KTLX'],['s3://unidata-nexrad-level2/2023/04/20/KTLX/KTLX20230420_014231_V06']
2023-04-20 01:47:00,129947,NE of Etowah,2.0,118,0.0,0.0,35.1742,-97.1639,OUN,2023-04-20 01:47:00,True,['KTLX'],['s3://unidata-nexrad-level2/2023/04/20/KTLX/KTLX20230420_014231_V06']
2023-04-20 01:36:00,129948,Etowah,1.0,110,0.0,0.0,35.1343,-97.2365,OUN,2023-04-20 01:36:00,True,['KTLX'],['s3://unidata-nexrad-level2/2023/04/20/KTLX/KTLX20230420_013540_V06']
2023-04-20 01:36:00,129949,Etowah,0.0,70,0.0,0.0,35.1294,-97.2337,OUN,2023-04-20 01:36:00,True,['KTLX'],['s3://unidata-nexrad-level2/2023/04/20/KTLX/KTLX20230420_013540_V06']
2023-04-20 01:47:00,129950,NE of Etowah,2.0,118,0.0,0.0,35.1739,-97.1773,OUN,2023-04-20 01:47:00,True,['KTLX'],['s3://unidata-nexrad-level2/2023/04/20/KTLX/KTLX20230420_014231_V06']
2023-04-20 01:36:00,129951,Etowah,0.0,85,0.0,0.0,35.1292,-97.2331,OUN,2023-04-20 01:36:00,True,['KTLX'],['s3://unidata-nexrad-level2/2023/04/20/KTLX/KTLX20230420_013540_V06']
2023-04-20 01:36:00,129952,Etowah,0.0,74,0.0,0.0,35.131,-97.2215,OUN,2023-04-20 01:36:00,True,['KTLX'],['s3://unidata-nexrad-level2/2023/04/20/KTLX/KTLX20230420_013540_V06']
2023-04-20 01:36:00,129953,Etowah,1.0,90,0.0,0.0,35.1388,-97.2126,OUN,2023-04-20 01:36:00,True,['KTLX'],['s3://unidata-nexrad-level2/2023/04/20/KTLX/KTLX20230420_013540_V06']
2023-04-20 01:36:00,129954,Etowah,1.0,90,0.0,0.0,35.1404,-97.2129,OUN,2023-04-20 01:36:00,True,['KTLX'],['s3://unidata-nexrad-level2/2023/04/20/KTLX/KTLX20230420_013540_V06']
2023-04-20 01:36:00,129955,Etowah,0.0,79,0.0,0.0,35.147,-97.1773,OUN,2023-04-20 01:36:00,True,['KTLX'],['s3://unidata-nexrad-level2/2023/04/20/KTLX/KTLX20230420_013540_V06']
2023-04-20 01:36:00,129956,Etowah,1.0,87,0.0,0.0,35.1502,-97.1773,OUN,2023-04-20 01:36:00,True,['KTLX'],['s3://unidata-nexrad-level2/2023/04/20/KTLX/KTLX20230420_013540_V06']
2023-04-20 01:46:00,129957,,-1.0,75,0.0,0.0,35.1543,-97.1773,OUN,2023-04-20 01:46:00,True,['KTLX'],['s3://unidata-nexrad-level2/2023/04/20/KTLX/KTLX20230420_014231_V06']
2023-04-20 01:47:00,129958,NE of Etowah,2.0,118,0.0,0.0,35.1621,-97.1773,OUN,2023-04-20 01:47:00,True,['KTLX'],['s3://unidata-nexrad-level2/2023/04/20/KTLX/KTLX20230420_014231_V06']
2023-04-20 01:36:00,129959,Etowah,0.0,74,0.0,0.0,35.13,-97.2336,OUN,2023-04-20 01:36:00,True,['KTLX'],['s3://unidata-nexrad-level2/2023/04/20/KTLX/KTLX20230420_013540_V06']
2023-04-20 01:36:00,129960,Etowah,0.0,76,0.0,0.0,35.1294,-97.2337,OUN,2023-04-20 01:36:00,True,['KTLX'],['s3://unidata-nexrad-level2/2023/04/20/KTLX/KTLX20230420_013540_V06']
2023-04-20 01:47:00,129961,NE of Etowah,1.0,110,0.0,0.0,35.16,-97.1773,OUN,2023-04-20 01:47:00,True,['KTLX'],['s3://unidata-nexrad-level2/2023/04/20/KTLX/KTLX20230420_014231_V06']
2023-04-20 01:47:00,129962,NE of Etowah,1.0,97,0.0,0.0,35.1598,-97.1705,OUN,2023-04-20 01:47:00,True,['KTLX'],['s3://unidata-nexrad-level2/2023/04/20/KTLX/KTLX20230420_014231_V06']
2023-04-20 01:36:00,129963,Etowah,1.0,93,0.0,0.0,35.1292,-97.2331,OUN,2023-04-20 01:36:00,True,['KTLX'],['s3://unidata-nexrad-level2/2023/04/20/KTLX/KTLX20230420_013540_V06']
2023-04-20 01:47:00,129964,NE of Etowah,1.0,88,0.0,0.0,35.1742,-97.1608,OUN,2023-04-20 01:47:00,True,['KTLX'],['s3://unidata-nexrad-level2/2023/04/20/KTLX/KTLX20230420_014231_V06']
2023-04-20 01:36:00,129965,Etowah,1.0,107,0.0,0.0,35.131,-97.2301,OUN,2023-04-20 01:36:00,True,['KTLX'],['s3://unidata-nexrad-level2/2023/04/20/KTLX/KTLX20230420_013540_V06']
2023-04-20 01:36:00,129966,Etowah,2.0,118,0.0,0.0,35.131,-97.2284,OUN,2023-04-20 01:36:00,True,['KTLX'],['s3://unidata-nexrad-level2/2023/04/20/KTLX/KTLX20230420_013540_V06']
2023-04-20 01:36:00,129967,Etowah,1.0,107,0.0,0.0,35.131,-97.2216,OUN,2023-04-20 01:36:00,True,['KTLX'],['s3://unidata-nexrad-level2/2023/04/20/KTLX/KTLX20230420_013540_V06']
2023-04-20 01:47:00,129968,NE of Etowah,2.0,130,0.0,0.0,35.1751,-97.1638,OUN,2023-04-20 01:47:00,True,['KTLX'],['s3://unidata-nexrad-level2/2023/04/20/KTLX/KTLX20230420_014231_V06']
2023-04-20 01:47:00,129970,NE of Etowah,2.0,132,0.0,0.0,35.1744,-97.163,OUN,2023-04-20 01:47:00,True,['KTLX'],['s3://unidata-nexrad-level2/2023/04/20/KTLX/KTLX20230420_014231_V06']
2023-04-20 01:36:00,129971,Etowah,1.0,107,0.0,0.0,35.137,-97.2126,OUN,2023-04-20 01:36:00,True,['KTLX'],['s3://unidata-nexrad-level2/2023/04/20/KTLX/KTLX20230420_013540_V06']
2023-04-20 01:47:00,129972,NE of Etowah,1.0,104,0.0,0.0,35.1742,-97.1744,OUN,2023-04-20 01:47:00,True,['KTLX'],['s3://unidata-nexrad-level2/2023/04/20/KTLX/KTLX20230420_014231_V06']
2023-04-20 01:36:00,129973,Etowah,0.0,85,0.0,0.0,35.1388,-97.2126,OUN,2023-04-20 01:36:00,True,['KTLX'],['s3://unidata-nexrad-level2/2023/04/20/KTLX/KTLX20230420_013540_V06']
2023-04-20 01:47:00,129974,NE of Etowah,2.0,118,0.0,0.0,35.1735,-97.1772,OUN,2023-04-20 01:47:00,True,['KTLX'],['s3://unidata-nexrad-level2/2023/04/20/KTLX/KTLX20230420_014231_V06']
2023-04-20 01:36:00,129975,Etowah,1.0,90,0.0,0.0,35.1404,-97.2129,OUN,2023-04-20 01:36:00,True,['KTLX'],['s3://unidata-nexrad-level2/2023/04/20/KTLX/KTLX20230420_013540_V06']
2023-04-20 01:36:00,129976,Etowah,1.0,93,0.0,0.0,35.1402,-97.213,OUN,2023-04-20 01:36:00,True,['KTLX'],['s3://unidata-nexrad-level2/2023/04/20/KTLX/KTLX20230420_013540_V06']
2023-04-20 01:36:00,129977,Etowah,1.0,87,0.0,0.0,35.145,-97.195,OUN,2023-04-20 01:36:00,True,['KTLX'],['s3://unidata-nexrad-level2/2023/04/20/KTLX/KTLX20230420_013540_V06']
2023-04-20 01:36:00,129981,Etowah,0.0,85,0.0,0.0,35.1416,-97.1937,OUN,2023-04-20 01:36:00,True,['KTLX'],['s3://unidata-nexrad-level2/2023/04/20/KTLX/KTLX20230420_013540_V06']
2023-04-20 01:36:00,129982,Etowah,1.0,93,0.0,0.0,35.1494,-97.1949,OUN,2023-04-20 01:36:00,True,['KTLX'],['s3://unidata-nexrad-level2/2023/04/20/KTLX/KTLX20230420_013540_V06']
2023-04-20 01:36:00,129986,Etowah,0.0,60,0.0,0.0,35.1494,-97.1949,OUN,2023-04-20 01:36:00,True,['KTLX'],['s3://unidata-nexrad-level2/2023/04/20/KTLX/KTLX20230420_013540_V06']
2023-04-20 01:36:00,129987,Etowah,1.0,97,0.0,0.0,35.1453,-97.201,OUN,2023-04-20 01:36:00,True,['KTLX'],['s3://unidata-nexrad-level2/2023/04/20/KTLX/KTLX20230420_013540_V06']
2023-04-20 01:36:00,129988,Etowah,0.0,60,0.0,0.0,35.1373,-97.2115,OUN,2023-04-20 01:36:00,True,['KTLX'],['s3://unidata-nexrad-level2/2023/04/20/KTLX/KTLX20230420_013540_V06']
2023-04-20 02:04:00,129992,S of Pink,3.0,141,0.0,0.0,35.2301,-97.1066,OUN,2023-04-20 02:04:00,True,['KTLX'],['s3://unidata-nexrad-level2/2023/04/20/KTLX/KTLX20230420_020236_V06']
2023-04-20 00:30:00,129993,Cole-Goldsby,1.0,94,0.0,0.0,35.1188,-97.5401,OUN,2023-04-20 00:30:00,True,['KTLX'],['s3://unidata-nexrad-level2/2023/04/20/KTLX/KTLX20230420_002926_V06']
2023-04-20 00:30:00,129994,Cole-Goldsby,0.0,50,0.0,0.0,35.0898,-97.5852,OUN,2023-04-20 00:30:00,True,['KTLX'],['s3://unidata-nexrad-level2/2023/04/20/KTLX/KTLX20230420_002926_V06']
2023-04-20 00:30:00,129995,Cole-Goldsby,1.0,94,0.0,0.0,35.0898,-97.5854,OUN,2023-04-20 00:30:00,True,['KTLX'],['s3://unidata-nexrad-level2/2023/04/20/KTLX/KTLX20230420_002926_V06']
2023-04-20 00:30:00,129996,Cole-Goldsby,1.0,97,0.0,0.0,35.0884,-97.6123,OUN,2023-04-20 00:30:00,True,['KTLX'],['s3://unidata-nexrad-level2/2023/04/20/KTLX/KTLX20230420_002926_V06']
2023-04-20 00:30:00,129997,Cole-Goldsby,2.0,118,0.0,0.0,35.0878,-97.605,OUN,2023-04-20 00:30:00,True,['KTLX'],['s3://unidata-nexrad-level2/2023/04/20/KTLX/KTLX20230420_002926_V06']
2023-04-20 00:30:00,129998,Cole-Goldsby,2.0,112,0.0,0.0,35.0935,-97.6051,OUN,2023-04-20 00:30:00,True,['KTLX'],['s3://unidata-nexrad-level2/2023/04/20/KTLX/KTLX20230420_002926_V06']
2023-04-20 00:30:00,129999,Cole-Goldsby,2.0,127,0.0,0.0,35.0892,-97.5992,OUN,2023-04-20 00:30:00,True,['KTLX'],['s3://unidata-nexrad-level2/2023/04/20/KTLX/KTLX20230420_002926_V06']
2023-04-20 00:30:00,130000,Cole-Goldsby,2.0,135,0.0,0.0,35.0903,-97.5992,OUN,2023-04-20 00:30:00,True,['KTLX'],['s3://unidata-nexrad-level2/2023/04/20/KTLX/KTLX20230420_002926_V06']
2023-04-20 00:30:00,130001,Cole-Goldsby,2.0,118,0.0,0.0,35.0914,-97.5912,OUN,2023-04-20 00:30:00,True,['KTLX'],['s3://unidata-nexrad-level2/2023/04/20/KTLX/KTLX20230420_002926_V06']
2023-04-20 00:30:00,130002,Cole-Goldsby,2.0,118,0.0,0.0,35.0879,-97.617,OUN,2023-04-20 00:30:00,True,['KTLX'],['s3://unidata-nexrad-level2/2023/04/20/KTLX/KTLX20230420_002926_V06']
2023-04-20 02:04:00,130003,S of Pink,3.0,141,0.0,0.0,35.2302,-97.1066,OUN,2023-04-20 02:04:00,True,['KTLX'],['s3://unidata-nexrad-level2/2023/04/20/KTLX/KTLX20230420_020236_V06']
2023-04-17 00:30:00,130004,,-1.0,90,0.0,0.0,35.0767,-97.6176,OUN,2023-04-17 00:30:00,True,['KTLX'],['s3://unidata-nexrad-level2/2023/04/17/KTLX/KTLX20230417_002954_V06']
2023-04-20 00:30:00,130005,Cole-Goldsby,1.0,108,0.0,0.0,35.0859,-97.6177,OUN,2023-04-20 00:30:00,True,['KTLX'],['s3://unidata-nexrad-level2/2023/04/20/KTLX/KTLX20230420_002926_V06']
2023-04-20 00:30:00,130006,Cole-Goldsby,2.0,130,0.0,0.0,35.0868,-97.581,OUN,2023-04-20 00:30:00,True,['KTLX'],['s3://unidata-nexrad-level2/2023/04/20/KTLX/KTLX20230420_002926_V06']
2023-04-20 00:30:00,130007,Cole-Goldsby,2.0,132,0.0,0.0,35.102,-97.5704,OUN,2023-04-20 00:30:00,True,['KTLX'],['s3://unidata-nexrad-level2/2023/04/20/KTLX/KTLX20230420_002926_V06']
2023-04-20 00:30:00,130008,Cole-Goldsby,3.0,152,0.0,0.0,35.1021,-97.5697,OUN,2023-04-20 00:30:00,True,['KTLX'],['s3://unidata-nexrad-level2/2023/04/20/KTLX/KTLX20230420_002926_V06']
2023-04-17 00:30:00,130009,,-1.0,74,0.0,0.0,35.0804,-97.5823,OUN,2023-04-17 00:30:00,True,['KTLX'],['s3://unidata-nexrad-level2/2023/04/17/KTLX/KTLX20230417_002954_V06']
2023-04-20 00:30:00,130010,Cole-Goldsby,2.0,132,0.0,0.0,35.1019,-97.5695,OUN,2023-04-20 00:30:00,True,['KTLX'],['s3://unidata-nexrad-level2/2023/04/20/KTLX/KTLX20230420_002926_V06']
2023-04-20 00:30:00,130011,Cole-Goldsby,2.0,112,0.0,0.0,35.1014,-97.5693,OUN,2023-04-20 00:30:00,True,['KTLX'],['s3://unidata-nexrad-level2/2023/04/20/KTLX/KTLX20230420_002926_V06']
2023-04-20 00:30:00,130012,Cole-Goldsby,2.0,116,0.0,0.0,35.0979,-97.5675,OUN,2023-04-20 00:30:00,True,['KTLX'],['s3://unidata-nexrad-level2/2023/04/20/KTLX/KTLX20230420_002926_V06']
2023-04-20 00:30:00,130013,Cole-Goldsby,0.0,83,0.0,0.0,35.1024,-97.5621,OUN,2023-04-20 00:30:00,True,['KTLX'],['s3://unidata-nexrad-level2/2023/04/20/KTLX/KTLX20230420_002926_V06']
2023-04-20 00:30:00,130014,Cole-Goldsby,2.0,112,0.0,0.0,35.1169,-97.5429,OUN,2023-04-20 00:30:00,True,['KTLX'],['s3://unidata-nexrad-level2/2023/04/20/KTLX/KTLX20230420_002926_V06']
2023-04-20 00:30:00,130015,Cole-Goldsby,2.0,135,0.0,0.0,35.1156,-97.5434,OUN,2023-04-20 00:30:00,True,['KTLX'],['s3://unidata-nexrad-level2/2023/04/20/KTLX/KTLX20230420_002926_V06']
2023-04-19 00:30:00,130016,,-1.0,65,0.0,0.0,35.0878,-97.6294,OUN,2023-04-19 00:30:00,True,['KTLX'],['s3://unidata-nexrad-level2/2023/04/19/KTLX/KTLX20230419_002831_V06']
2023-04-20 00:30:00,130017,Cole-Goldsby,2.0,127,0.0,0.0,35.1152,-97.5435,OUN,2023-04-20 00:30:00,True,['KTLX'],['s3://unidata-nexrad-level2/2023/04/20/KTLX/KTLX20230420_002926_V06']
2023-04-20 00:30:00,130018,Cole-Goldsby,2.0,112,0.0,0.0,35.1153,-97.5437,OUN,2023-04-20 00:30:00,True,['KTLX'],['s3://unidata-nexrad-level2/2023/04/20/KTLX/KTLX20230420_002926_V06']
2023-04-20 00:30:00,130019,Cole-Goldsby,2.0,135,0.0,0.0,35.1154,-97.5433,OUN,2023-04-20 00:30:00,True,['KTLX'],['s3://unidata-nexrad-level2/2023/04/20/KTLX/KTLX20230420_002926_V06']
2023-04-20 00:30:00,130020,Cole-Goldsby,1.0,107,0.0,0.0,35.1176,-97.5393,OUN,2023-04-20 00:30:00,True,['KTLX'],['s3://unidata-nexrad-level2/2023/04/20/KTLX/KTLX20230420_002926_V06']
2023-04-20 00:30:00,130021,Cole-Goldsby,2.0,112,0.0,0.0,35.1024,-97.5719,OUN,2023-04-20 00:30:00,True,['KTLX'],['s3://unidata-nexrad-level2/2023/04/20/KTLX/KTLX20230420_002926_V06']
2023-04-20 00:30:00,130022,Cole-Goldsby,1.0,97,0.0,0.0,35.0908,-97.5822,OUN,2023-04-20 00:30:00,True,['KTLX'],['s3://unidata-nexrad-level2/2023/04/20/KTLX/KTLX20230420_002926_V06']
2023-04-20 00:30:00,130023,Cole-Goldsby,3.0,160,0.0,0.0,35.0875,-97.5827,OUN,2023-04-20 00:30:00,True,['KTLX'],['s3://unidata-nexrad-level2/2023/04/20/KTLX/KTLX20230420_002926_V06']
2023-04-20 00:30:00,130024,Cole-Goldsby,2.0,118,0.0,0.0,35.0884,-97.6122,OUN,2023-04-20 00:30:00,True,['KTLX'],['s3://unidata-nexrad-level2/2023/04/20/KTLX/KTLX20230420_002926_V06']
2023-04-20 00:30:00,130026,Cole-Goldsby,2.0,118,0.0,0.0,35.0879,-97.5891,OUN,2023-04-20 00:30:00,True,['KTLX'],['s3://unidata-nexrad-level2/2023/04/20/KTLX/KTLX20230420_002926_V06']
2023-04-20 00:30:00,130027,Cole-Goldsby,1.0,90,0.0,0.0,35.0879,-97.605,OUN,2023-04-20 00:30:00,True,['KTLX'],['s3://unidata-nexrad-level2/2023/04/20/KTLX/KTLX20230420_002926_V06']
2023-04-20 00:30:00,130028,Cole-Goldsby,2.0,112,0.0,0.0,35.0894,-97.6045,OUN,2023-04-20 00:30:00,True,['KTLX'],['s3://unidata-nexrad-level2/2023/04/20/KTLX/KTLX20230420_002926_V06']
2023-04-20 00:30:00,130029,Cole-Goldsby,1.0,97,0.0,0.0,35.0908,-97.6045,OUN,2023-04-20 00:30:00,True,['KTLX'],['s3://unidata-nexrad-level2/2023/04/20/KTLX/KTLX20230420_002926_V06']
2023-04-20 00:30:00,130030,Cole-Goldsby,2.0,127,0.0,0.0,35.0908,-97.6038,OUN,2023-04-20 00:30:00,True,['KTLX'],['s3://unidata-nexrad-level2/2023/04/20/KTLX/KTLX20230420_002926_V06']
2023-04-20 00:30:00,130031,Cole-Goldsby,2.0,127,0.0,0.0,35.0916,-97.6039,OUN,2023-04-20 00:30:00,True,['KTLX'],['s3://unidata-nexrad-level2/2023/04/20/KTLX/KTLX20230420_002926_V06']
2023-04-20 00:30:00,130032,Cole-Goldsby,0.0,74,0.0,0.0,35.0921,-97.6046,OUN,2023-04-20 00:30:00,True,['KTLX'],['s3://unidata-nexrad-level2/2023/04/20/KTLX/KTLX20230420_002926_V06']
2023-04-20 00:30:00,130033,Cole-Goldsby,1.0,94,0.0,0.0,35.0936,-97.605,OUN,2023-04-20 00:30:00,True,['KTLX'],['s3://unidata-nexrad-level2/2023/04/20/KTLX/KTLX20230420_002926_V06']
2023-04-20 00:30:00,130034,Cole-Goldsby,2.0,127,0.0,0.0,35.0893,-97.5993,OUN,2023-04-20 00:30:00,True,['KTLX'],['s3://unidata-nexrad-level2/2023/04/20/KTLX/KTLX20230420_002926_V06']
2023-04-20 00:30:00,130035,Cole-Goldsby,2.0,127,0.0,0.0,35.0895,-97.5986,OUN,2023-04-20 00:30:00,True,['KTLX'],['s3://unidata-nexrad-level2/2023/04/20/KTLX/KTLX20230420_002926_V06']
2023-04-20 02:04:00,130036,S of Pink,1.0,110,0.0,0.0,35.2304,-97.1065,OUN,2023-04-20 02:04:00,True,['KTLX'],['s3://unidata-nexrad-level2/2023/04/20/KTLX/KTLX20230420_020236_V06']
2023-04-20 00:30:00,130037,Cole-Goldsby,1.0,100,0.0,0.0,35.0882,-97.5992,OUN,2023-04-20 00:30:00,True,['KTLX'],['s3://unidata-nexrad-level2/2023/04/20/KTLX/KTLX20230420_002926_V06']
2023-04-20 00:30:00,130038,Cole-Goldsby,0.0,79,0.0,0.0,35.0879,-97.6118,OUN,2023-04-20 00:30:00,True,['KTLX'],['s3://unidata-nexrad-level2/2023/04/20/KTLX/KTLX20230420_002926_V06']
2023-04-20 00:30:00,130039,Cole-Goldsby,0.0,79,0.0,0.0,35.0883,-97.6031,OUN,2023-04-20 00:30:00,True,['KTLX'],['s3://unidata-nexrad-level2/2023/04/20/KTLX/KTLX20230420_002926_V06']
2023-04-20 00:30:00,130040,Cole-Goldsby,1.0,107,0.0,0.0,35.0817,-97.6266,OUN,2023-04-20 00:30:00,True,['KTLX'],['s3://unidata-nexrad-level2/2023/04/20/KTLX/KTLX20230420_002926_V06']
2023-04-17 00:30:00,130041,,-1.0,94,0.0,0.0,35.077,-97.6177,OUN,2023-04-17 00:30:00,True,['KTLX'],['s3://unidata-nexrad-level2/2023/04/17/KTLX/KTLX20230417_002954_V06']
2023-04-20 00:30:00,130042,Cole-Goldsby,1.0,94,0.0,0.0,35.086,-97.6177,OUN,2023-04-20 00:30:00,True,['KTLX'],['s3://unidata-nexrad-level2/2023/04/20/KTLX/KTLX20230420_002926_V06']
2023-04-20 00:30:00,130043,Cole-Goldsby,1.0,88,0.0,0.0,35.0913,-97.5822,OUN,2023-04-20 00:30:00,True,['KTLX'],['s3://unidata-nexrad-level2/2023/04/20/KTLX/KTLX20230420_002926_V06']
2023-04-20 00:30:00,130045,Cole-Goldsby,2.0,135,0.0,0.0,35.1157,-97.5432,OUN,2023-04-20 00:30:00,True,['KTLX'],['s3://unidata-nexrad-level2/2023/04/20/KTLX/KTLX20230420_002926_V06']
2023-04-20 02:04:00,130046,S of Pink,2.0,115,0.0,0.0,35.2306,-97.1065,OUN,2023-04-20 02:04:00,True,['KTLX'],['s3://unidata-nexrad-level2/2023/04/20/KTLX/KTLX20230420_020236_V06']
2023-04-20 02:04:00,130047,S of Pink,1.0,97,0.0,0.0,35.2306,-97.1054,OUN,2023-04-20 02:04:00,True,['KTLX'],['s3://unidata-nexrad-level2/2023/04/20/KTLX/KTLX20230420_020236_V06']
2023-04-20 02:04:00,130048,S of Pink,1.0,97,0.0,0.0,35.231,-97.1052,OUN,2023-04-20 02:04:00,True,['KTLX'],['s3://unidata-nexrad-level2/2023/04/20/KTLX/KTLX20230420_020236_V06']
2023-04-20 02:04:00,130049,S of Pink,2.0,113,0.0,0.0,35.2308,-97.1052,OUN,2023-04-20 02:04:00,True,['KTLX'],['s3://unidata-nexrad-level2/2023/04/20/KTLX/KTLX20230420_020236_V06']
2023-04-20 02:04:00,130050,S of Pink,1.0,105,0.0,0.0,35.2309,-97.1054,OUN,2023-04-20 02:04:00,True,['KTLX'],['s3://unidata-nexrad-level2/2023/04/20/KTLX/KTLX20230420_020236_V06']
2023-04-20 02:04:00,130056,S of Pink,1.0,100,0.0,0.0,35.2308,-97.1046,OUN,2023-04-20 02:04:00,True,['KTLX'],['s3://unidata-nexrad-level2/2023/04/20/KTLX/KTLX20230420_020236_V06']
2023-04-20 01:47:00,130057,NE of Etowah,1.0,100,0.0,0.0,35.1986,-97.1533,OUN,2023-04-20 01:47:00,True,['KTLX'],['s3://unidata-nexrad-level2/2023/04/20/KTLX/KTLX20230420_014231_V06']
2023-04-20 01:47:00,130058,NE of Etowah,1.0,93,0.0,0.0,35.1981,-97.1596,OUN,2023-04-20 01:47:00,True,['KTLX'],['s3://unidata-nexrad-level2/2023/04/20/KTLX/KTLX20230420_014231_V06']
2023-04-20 01:47:00,130059,NE of Etowah,2.0,130,0.0,0.0,35.1775,-97.1604,OUN,2023-04-20 01:47:00,True,['KTLX'],['s3://unidata-nexrad-level2/2023/04/20/KTLX/KTLX20230420_014231_V06']
2023-04-20 00:30:00,130060,Cole-Goldsby,3.0,152,0.0,0.0,35.0966,-97.5742,OUN,2023-04-20 00:30:00,True,['KTLX'],['s3://unidata-nexrad-level2/2023/04/20/KTLX/KTLX20230420_002926_V06']
2023-04-20 00:30:00,130061,Cole-Goldsby,1.0,96,0.0,0.0,35.0985,-97.5728,OUN,2023-04-20 00:30:00,True,['KTLX'],['s3://unidata-nexrad-level2/2023/04/20/KTLX/KTLX20230420_002926_V06']
2023-04-17 00:30:00,130062,,-1.0,108,0.0,0.0,35.0878,-97.5647,OUN,2023-04-17 00:30:00,True,['KTLX'],['s3://unidata-nexrad-level2/2023/04/17/KTLX/KTLX20230417_002954_V06']
2023-04-20 00:30:00,130063,Cole-Goldsby,1.0,107,0.0,0.0,35.117,-97.5321,OUN,2023-04-20 00:30:00,True,['KTLX'],['s3://unidata-nexrad-level2/2023/04/20/KTLX/KTLX20230420_002926_V06']
2023-04-20 00:30:00,130064,Cole-Goldsby,2.0,122,0.0,0.0,35.1312,-97.5299,OUN,2023-04-20 00:30:00,True,['KTLX'],['s3://unidata-nexrad-level2/2023/04/20/KTLX/KTLX20230420_002926_V06']
2023-04-20 00:30:00,130065,Cole-Goldsby,2.0,131,0.0,0.0,35.0962,-97.5737,OUN,2023-04-20 00:30:00,True,['KTLX'],['s3://unidata-nexrad-level2/2023/04/20/KTLX/KTLX20230420_002926_V06']
2023-04-20 00:30:00,130072,Cole-Goldsby,2.0,122,0.0,0.0,35.0971,-97.5736,OUN,2023-04-20 00:30:00,True,['KTLX'],['s3://unidata-nexrad-level2/2023/04/20/KTLX/KTLX20230420_002926_V06']
2023-04-20 00:30:00,130073,Cole-Goldsby,2.0,112,0.0,0.0,35.0985,-97.5729,OUN,2023-04-20 00:30:00,True,['KTLX'],['s3://unidata-nexrad-level2/2023/04/20/KTLX/KTLX20230420_002926_V06']
2023-04-17 00:30:00,130074,,-1.0,97,0.0,0.0,35.0867,-97.5647,OUN,2023-04-17 00:30:00,True,['KTLX'],['s3://unidata-nexrad-level2/2023/04/17/KTLX/KTLX20230417_002954_V06']
2023-04-20 00:30:00,130075,Cole-Goldsby,2.0,118,0.0,0.0,35.1023,-97.5647,OUN,2023-04-20 00:30:00,True,['KTLX'],['s3://unidata-nexrad-level2/2023/04/20/KTLX/KTLX20230420_002926_V06']
2023-04-20 00:30:00,130076,Cole-Goldsby,2.0,118,0.0,0.0,35.1023,-97.5546,OUN,2023-04-20 00:30:00,True,['KTLX'],['s3://unidata-nexrad-level2/2023/04/20/KTLX/KTLX20230420_002926_V06']
2023-04-20 00:30:00,130077,Cole-Goldsby,1.0,107,0.0,0.0,35.1024,-97.5384,OUN,2023-04-20 00:30:00,True,['KTLX'],['s3://unidata-nexrad-level2/2023/04/20/KTLX/KTLX20230420_002926_V06']
2023-04-20 00:30:00,130078,Cole-Goldsby,1.0,97,0.0,0.0,35.1073,-97.5475,OUN,2023-04-20 00:30:00,True,['KTLX'],['s3://unidata-nexrad-level2/2023/04/20/KTLX/KTLX20230420_002926_V06']
2023-04-20 00:30:00,130079,Cole-Goldsby,1.0,93,0.0,0.0,35.1073,-97.5475,OUN,2023-04-20 00:30:00,True,['KTLX'],['s3://unidata-nexrad-level2/2023/04/20/KTLX/KTLX20230420_002926_V06']
2023-04-20 00:30:00,130080,Cole-Goldsby,2.0,118,0.0,0.0,35.1093,-97.5475,OUN,2023-04-20 00:30:00,True,['KTLX'],['s3://unidata-nexrad-level2/2023/04/20/KTLX/KTLX20230420_002926_V06']
2023-04-20 00:30:00,130081,Cole-Goldsby,0.0,74,0.0,0.0,35.1155,-97.5476,OUN,2023-04-20 00:30:00,True,['KTLX'],['s3://unidata-nexrad-level2/2023/04/20/KTLX/KTLX20230420_002926_V06']
2023-04-20 00:30:00,130082,Cole-Goldsby,2.0,118,0.0,0.0,35.117,-97.5346,OUN,2023-04-20 00:30:00,True,['KTLX'],['s3://unidata-nexrad-level2/2023/04/20/KTLX/KTLX20230420_002926_V06']
2023-04-20 00:30:00,130083,Cole-Goldsby,0.0,74,0.0,0.0,35.1198,-97.5299,OUN,2023-04-20 00:30:00,True,['KTLX'],['s3://unidata-nexrad-level2/2023/04/20/KTLX/KTLX20230420_002926_V06']
2023-04-20 00:30:00,130084,Cole-Goldsby,0.0,74,0.0,0.0,35.1225,-97.5299,OUN,2023-04-20 00:30:00,True,['KTLX'],['s3://unidata-nexrad-level2/2023/04/20/KTLX/KTLX20230420_002926_V06']
2023-04-20 00:30:00,130085,Cole-Goldsby,2.0,118,0.0,0.0,35.126,-97.5299,OUN,2023-04-20 00:30:00,True,['KTLX'],['s3://unidata-nexrad-level2/2023/04/20/KTLX/KTLX20230420_002926_V06']
2023-04-20 00:30:00,130086,Cole-Goldsby,2.0,118,0.0,0.0,35.1284,-97.5299,OUN,2023-04-20 00:30:00,True,['KTLX'],['s3://unidata-nexrad-level2/2023/04/20/KTLX/KTLX20230420_002926_V06']
2023-04-20 01:47:00,130101,NE of Etowah,2.0,130,0.0,0.0,35.1775,-97.1604,OUN,2023-04-20 01:47:00,True,['KTLX'],['s3://unidata-nexrad-level2/2023/04/20/KTLX/KTLX20230420_014231_V06']
2023-04-20 00:30:00,130103,Cole-Goldsby,2.0,118,0.0,0.0,35.1028,-97.5477,OUN,2023-04-20 00:30:00,True,['KTLX'],['s3://unidata-nexrad-level2/2023/04/20/KTLX/KTLX20230420_002926_V06']
2023-04-20 02:07:00,130201,Norman: Geronimo Drive,0.0,75,0.0,0.0,35.2377,-97.294,OUN,2023-04-20 02:07:00,True,['KTLX'],['s3://unidata-nexrad-level2/2023/04/20/KTLX/KTLX20230420_020236_V06']
2023-04-20 00:38:00,130204,,1.0,98,0.0,0.0,35.0933,-97.653,OUN,2023-04-20 00:38:00,True,['KTLX'],['s3://unidata-nexrad-level2/2023/04/20/KTLX/KTLX20230420_003544_V06']
2023-04-20 00:38:00,130205,W of Cole,1.0,98,0.0,0.0,35.094,-97.653,OUN,2023-04-20 00:38:00,True,['KTLX'],['s3://unidata-nexrad-level2/2023/04/20/KTLX/KTLX20230420_003544_V06']
2023-04-20 00:38:00,130207,W of Cole,0.0,83,0.0,0.0,35.0941,-97.653,OUN,2023-04-20 00:38:00,True,['KTLX'],['s3://unidata-nexrad-level2/2023/04/20/KTLX/KTLX20230420_003544_V06']
2023-04-20 00:38:00,130208,W of Cole,0.0,74,0.0,0.0,35.0942,-97.6509,OUN,2023-04-20 00:38:00,True,['KTLX'],['s3://unidata-nexrad-level2/2023/04/20/KTLX/KTLX20230420_003544_V06']
2023-04-20 00:38:00,130209,W of Cole,1.0,93,0.0,0.0,35.0913,-97.6355,OUN,2023-04-20 00:38:00,True,['KTLX'],['s3://unidata-nexrad-level2/2023/04/20/KTLX/KTLX20230420_003544_V06']
2023-04-20 02:07:00,130212,Norman: Geronimo Drive,0.0,74,0.0,0.0,35.2375,-97.2951,OUN,2023-04-20 02:07:00,True,['KTLX'],['s3://unidata-nexrad-level2/2023/04/20/KTLX/KTLX20230420_020236_V06']
2023-04-20 02:07:00,130213,Norman: Geronimo Drive,0.0,74,0.0,0.0,35.2375,-97.2941,OUN,2023-04-20 02:07:00,True,['KTLX'],['s3://unidata-nexrad-level2/2023/04/20/KTLX/KTLX20230420_020236_V06']
2023-04-20 00:30:00,130214,Cole-Goldsby,0.0,61,0.0,0.0,35.0952,-97.6177,OUN,2023-04-20 00:30:00,True,['KTLX'],['s3://unidata-nexrad-level2/2023/04/20/KTLX/KTLX20230420_002926_V06']
2023-04-20 00:30:00,130216,Cole-Goldsby,0.0,74,0.0,0.0,35.0952,-97.6177,OUN,2023-04-20 00:30:00,True,['KTLX'],['s3://unidata-nexrad-level2/2023/04/20/KTLX/KTLX20230420_002926_V06']
2023-04-20 00:30:00,130217,Cole-Goldsby,0.0,74,0.0,0.0,35.092,-97.6177,OUN,2023-04-20 00:30:00,True,['KTLX'],['s3://unidata-nexrad-level2/2023/04/20/KTLX/KTLX20230420_002926_V06']
2023-04-20 00:30:00,130218,Cole-Goldsby,2.0,118,0.0,0.0,35.0879,-97.6176,OUN,2023-04-20 00:30:00,True,['KTLX'],['s3://unidata-nexrad-level2/2023/04/20/KTLX/KTLX20230420_002926_V06']
2023-04-20 00:40:00,130219,,-1.0,85,0.0,0.0,35.0878,-97.6431,OUN,2023-04-20 00:40:00,True,['KTLX'],['s3://unidata-nexrad-level2/2023/04/20/KTLX/KTLX20230420_003544_V06']
2023-04-20 02:07:00,130221,,-1.0,75,0.0,0.0,35.2358,-97.2906,OUN,2023-04-20 02:07:00,True,['KTLX'],['s3://unidata-nexrad-level2/2023/04/20/KTLX/KTLX20230420_020236_V06']
2023-04-20 01:47:00,130222,NE of Etowah,1.0,107,0.0,0.0,35.1775,-97.1604,OUN,2023-04-20 01:47:00,True,['KTLX'],['s3://unidata-nexrad-level2/2023/04/20/KTLX/KTLX20230420_014231_V06']
2023-04-20 00:47:00,130223,SE of Cole,0.0,85,0.0,0.0,35.0879,-97.5206,OUN,2023-04-20 00:47:00,True,['KTLX'],['s3://unidata-nexrad-level2/2023/04/20/KTLX/KTLX20230420_004221_V06']
2023-04-20 00:47:00,130224,SE of Cole,0.0,85,0.0,0.0,35.0879,-97.5206,OUN,2023-04-20 00:47:00,True,['KTLX'],['s3://unidata-nexrad-level2/2023/04/20/KTLX/KTLX20230420_004221_V06']
2023-04-20 00:38:00,130228,W of Cole,0.0,74,0.0,0.0,35.0935,-97.6355,OUN,2023-04-20 00:38:00,True,['KTLX'],['s3://unidata-nexrad-level2/2023/04/20/KTLX/KTLX20230420_003544_V06']
2023-04-20 00:38:00,130229,W of Cole,0.0,60,0.0,0.0,35.0917,-97.6487,OUN,2023-04-20 00:38:00,True,['KTLX'],['s3://unidata-nexrad-level2/2023/04/20/KTLX/KTLX20230420_003544_V06']
2023-04-20 00:30:00,130230,Cole-Goldsby,1.0,95,0.0,0.0,35.0879,-97.6205,OUN,2023-04-20 00:30:00,True,['KTLX'],['s3://unidata-nexrad-level2/2023/04/20/KTLX/KTLX20230420_002926_V06']
2023-04-20 00:47:00,130232,,0.0,74,0.0,0.0,35.0879,-97.5381,OUN,2023-04-20 00:47:00,True,['KTLX'],['s3://unidata-nexrad-level2/2023/04/20/KTLX/KTLX20230420_004221_V06']
2023-04-20 00:50:00,130233,,-1.0,85,0.0,0.0,35.1025,-97.5267,OUN,2023-04-20 00:50:00,True,['KTLX'],['s3://unidata-nexrad-level2/2023/04/20/KTLX/KTLX20230420_004858_V06']
2023-04-20 02:21:00,130234,Bethel Acres,0.0,84,0.0,0.0,35.3208,-97.0178,OUN,2023-04-20 02:21:00,True,['KTLX'],['s3://unidata-nexrad-level2/2023/04/20/KTLX/KTLX20230420_021619_V06']
2023-04-20 00:47:00,130238,SE of Cole,0.0,85,0.0,0.0,35.0879,-97.5164,OUN,2023-04-20 00:47:00,True,['KTLX'],['s3://unidata-nexrad-level2/2023/04/20/KTLX/KTLX20230420_004221_V06']
2023-04-20 00:47:00,130239,SE of Cole,0.0,85,0.0,0.0,35.0879,-97.5143,OUN,2023-04-20 00:47:00,True,['KTLX'],['s3://unidata-nexrad-level2/2023/04/20/KTLX/KTLX20230420_004221_V06']
2023-04-20 00:47:00,130240,SE of Cole,0.0,74,0.0,0.0,35.0949,-97.5122,OUN,2023-04-20 00:47:00,True,['KTLX'],['s3://unidata-nexrad-level2/2023/04/20/KTLX/KTLX20230420_004221_V06']
2023-04-20 00:47:00,130247,,1.0,93,0.0,0.0,35.0879,-97.5343,OUN,2023-04-20 00:47:00,True,['KTLX'],['s3://unidata-nexrad-level2/2023/04/20/KTLX/KTLX20230420_004221_V06']
2023-04-20 00:30:00,130248,Cole-Goldsby,1.0,93,0.0,0.0,35.0879,-97.6186,OUN,2023-04-20 00:30:00,True,['KTLX'],['s3://unidata-nexrad-level2/2023/04/20/KTLX/KTLX20230420_002926_V06']
2023-04-20 00:30:00,130249,Cole-Goldsby,0.0,74,0.0,0.0,35.0879,-97.6242,OUN,2023-04-20 00:30:00,True,['KTLX'],['s3://unidata-nexrad-level2/2023/04/20/KTLX/KTLX20230420_002926_V06']
2023-04-20 00:30:00,130250,Cole-Goldsby,0.0,74,0.0,0.0,35.0873,-97.6257,OUN,2023-04-20 00:30:00,True,['KTLX'],['s3://unidata-nexrad-level2/2023/04/20/KTLX/KTLX20230420_002926_V06']
2023-04-20 00:30:00,130252,Cole-Goldsby,0.0,85,0.0,0.0,35.0841,-97.6255,OUN,2023-04-20 00:30:00,True,['KTLX'],['s3://unidata-nexrad-level2/2023/04/20/KTLX/KTLX20230420_002926_V06']
2023-04-20 00:30:00,130254,Cole-Goldsby,1.0,93,0.0,0.0,35.0843,-97.6251,OUN,2023-04-20 00:30:00,True,['KTLX'],['s3://unidata-nexrad-level2/2023/04/20/KTLX/KTLX20230420_002926_V06']
2023-04-20 00:30:00,130256,Cole-Goldsby,-1.0,93,0.0,0.0,35.1024,-97.6034,OUN,2023-04-20 00:30:00,True,['KTLX'],['s3://unidata-nexrad-level2/2023/04/20/KTLX/KTLX20230420_002926_V06']
2023-04-20 00:30:00,130257,Cole-Goldsby,0.0,85,0.0,0.0,35.0843,-97.6258,OUN,2023-04-20 00:30:00,True,['KTLX'],['s3://unidata-nexrad-level2/2023/04/20/KTLX/KTLX20230420_002926_V06']
2023-04-20 00:30:00,130258,Cole-Goldsby,-1.0,60,0.0,0.0,35.1023,-97.5907,OUN,2023-04-20 00:30:00,True,['KTLX'],['s3://unidata-nexrad-level2/2023/04/20/KTLX/KTLX20230420_002926_V06']
2023-04-20 00:30:00,130259,Cole-Goldsby,0.0,62,0.0,0.0,35.1024,-97.5765,OUN,2023-04-20 00:30:00,True,['KTLX'],['s3://unidata-nexrad-level2/2023/04/20/KTLX/KTLX20230420_002926_V06']
2023-04-20 01:47:00,130265,NE of Etowah,2.0,115,0.0,0.0,35.1776,-97.1615,OUN,2023-04-20 01:47:00,True,['KTLX'],['s3://unidata-nexrad-level2/2023/04/20/KTLX/KTLX20230420_014231_V06']
2023-04-20 01:47:00,130266,NE of Etowah,1.0,110,0.0,0.0,35.1772,-97.161,OUN,2023-04-20 01:47:00,True,['KTLX'],['s3://unidata-nexrad-level2/2023/04/20/KTLX/KTLX20230420_014231_V06']
2023-04-20 01:47:00,130267,NE of Etowah,1.0,100,0.0,0.0,35.1763,-97.1601,OUN,2023-04-20 01:47:00,True,['KTLX'],['s3://unidata-nexrad-level2/2023/04/20/KTLX/KTLX20230420_014231_V06']
2023-04-20 01:47:00,130268,NE of Etowah,1.0,110,0.0,0.0,35.1775,-97.1605,OUN,2023-04-20 01:47:00,True,['KTLX'],['s3://unidata-nexrad-level2/2023/04/20/KTLX/KTLX20230420_014231_V06']
2023-04-20 01:47:00,130269,NE of Etowah,1.0,100,0.0,0.0,35.1777,-97.1614,OUN,2023-04-20 01:47:00,True,['KTLX'],['s3://unidata-nexrad-level2/2023/04/20/KTLX/KTLX20230420_014231_V06']
2023-04-20 01:47:00,130270,NE of Etowah,2.0,115,0.0,0.0,35.1777,-97.1598,OUN,2023-04-20 01:47:00,True,['KTLX'],['s3://unidata-nexrad-level2/2023/04/20/KTLX/KTLX20230420_014231_V06']
2023-04-20 01:47:00,130271,NE of Etowah,1.0,100,0.0,0.0,35.1777,-97.158,OUN,2023-04-20 01:47:00,True,['KTLX'],['s3://unidata-nexrad-level2/2023/04/20/KTLX/KTLX20230420_014231_V06']
2023-04-20 00:30:00,130273,Cole-Goldsby,2.0,112,0.0,0.0,35.1018,-97.5734,OUN,2023-04-20 00:30:00,True,['KTLX'],['s3://unidata-nexrad-level2/2023/04/20/KTLX/KTLX20230420_002926_V06']
2023-04-20 00:45:00,130275,,-1.0,74,0.0,0.0,35.0953,-97.5388,OUN,2023-04-20 00:45:00,True,['KTLX'],['s3://unidata-nexrad-level2/2023/04/20/KTLX/KTLX20230420_004221_V06']
2023-04-20 00:45:00,130276,,-1.0,94,0.0,0.0,35.0952,-97.5388,OUN,2023-04-20 00:45:00,True,['KTLX'],['s3://unidata-nexrad-level2/2023/04/20/KTLX/KTLX20230420_004221_V06']
2023-04-20 00:47:00,130278,,1.0,90,0.0,0.0,35.0905,-97.5388,OUN,2023-04-20 00:47:00,True,['KTLX'],['s3://unidata-nexrad-level2/2023/04/20/KTLX/KTLX20230420_004221_V06']
2023-04-20 00:47:00,130280,SE of Cole,0.0,70,0.0,0.0,35.0834,-97.5299,OUN,2023-04-20 00:47:00,True,['KTLX'],['s3://unidata-nexrad-level2/2023/04/20/KTLX/KTLX20230420_004221_V06']
2023-04-20 00:50:00,130281,,-1.0,74,0.0,0.0,35.0746,-97.5298,OUN,2023-04-20 00:50:00,True,['KTLX'],['s3://unidata-nexrad-level2/2023/04/20/KTLX/KTLX20230420_004858_V06']
2023-04-19 00:50:00,130283,,-1.0,61,0.0,0.0,35.0734,-97.5295,OUN,2023-04-19 00:50:00,True,['KTLX'],['s3://unidata-nexrad-level2/2023/04/19/KTLX/KTLX20230419_004924_V06']
2023-04-20 00:47:00,130284,SE of Cole,0.0,61,0.0,0.0,35.088,-97.5239,OUN,2023-04-20 00:47:00,True,['KTLX'],['s3://unidata-nexrad-level2/2023/04/20/KTLX/KTLX20230420_004221_V06']
2023-04-20 00:47:00,130285,SE of Cole,0.0,81,0.0,0.0,35.088,-97.5206,OUN,2023-04-20 00:47:00,True,['KTLX'],['s3://unidata-nexrad-level2/2023/04/20/KTLX/KTLX20230420_004221_V06']
2023-04-20 00:47:00,130286,SE of Cole,1.0,93,0.0,0.0,35.0879,-97.519,OUN,2023-04-20 00:47:00,True,['KTLX'],['s3://unidata-nexrad-level2/2023/04/20/KTLX/KTLX20230420_004221_V06']
2023-04-20 00:47:00,130287,SE of Cole,0.0,61,0.0,0.0,35.0895,-97.5121,OUN,2023-04-20 00:47:00,True,['KTLX'],['s3://unidata-nexrad-level2/2023/04/20/KTLX/KTLX20230420_004221_V06']
2023-04-20 00:47:00,130288,SE of Cole,0.0,85,0.0,0.0,35.0939,-97.5122,OUN,2023-04-20 00:47:00,True,['KTLX'],['s3://unidata-nexrad-level2/2023/04/20/KTLX/KTLX20230420_004221_V06']
2023-04-20 00:50:00,130289,,-1.0,77,0.0,0.0,35.1025,-97.5288,OUN,2023-04-20 00:50:00,True,['KTLX'],['s3://unidata-nexrad-level2/2023/04/20/KTLX/KTLX20230420_004858_V06']
2023-04-20 02:21:00,130290,Bethel Acres,0.0,85,0.0,0.0,35.3291,-97.0193,OUN,2023-04-20 02:21:00,True,['KTLX'],['s3://unidata-nexrad-level2/2023/04/20/KTLX/KTLX20230420_021619_V06']
2023-04-20 00:20:00,130291,SE of Middleburg,0.0,79,0.0,0.0,35.063,-97.6531,OUN,2023-04-20 00:20:00,True,['KTLX'],['s3://unidata-nexrad-level2/2023/04/20/KTLX/KTLX20230420_001609_V06']
2023-04-20 00:20:00,130292,SE of Middleburg,0.0,70,0.0,0.0,35.0665,-97.6531,OUN,2023-04-20 00:20:00,True,['KTLX'],['s3://unidata-nexrad-level2/2023/04/20/KTLX/KTLX20230420_001609_V06']
2023-04-20 00:20:00,130293,SE of Middleburg,0.0,74,0.0,0.0,35.0732,-97.6629,OUN,2023-04-20 00:20:00,True,['KTLX'],['s3://unidata-nexrad-level2/2023/04/20/KTLX/KTLX20230420_001609_V06']
2023-04-20 02:21:00,130294,Bethel Acres,0.0,85,0.0,0.0,35.3382,-97.0208,OUN,2023-04-20 02:21:00,True,['KTLX'],['s3://unidata-nexrad-level2/2023/04/20/KTLX/KTLX20230420_021619_V06']
2023-04-20 00:20:00,130295,SE of Middleburg,0.0,74,0.0,0.0,35.0726,-97.6662,OUN,2023-04-20 00:20:00,True,['KTLX'],['s3://unidata-nexrad-level2/2023/04/20/KTLX/KTLX20230420_001609_V06']
2023-04-20 00:20:00,130296,SE of Middleburg,0.0,79,0.0,0.0,35.073,-97.6662,OUN,2023-04-20 00:20:00,True,['KTLX'],['s3://unidata-nexrad-level2/2023/04/20/KTLX/KTLX20230420_001609_V06']
2023-04-20 00:20:00,130297,SE of Middleburg,0.0,62,0.0,0.0,35.073,-97.6662,OUN,2023-04-20 00:20:00,True,['KTLX'],['s3://unidata-nexrad-level2/2023/04/20/KTLX/KTLX20230420_001609_V06']
2023-04-20 00:20:00,130298,SE of Middleburg,0.0,74,0.0,0.0,35.0737,-97.6882,OUN,2023-04-20 00:20:00,True,['KTLX'],['s3://unidata-nexrad-level2/2023/04/20/KTLX/KTLX20230420_001609_V06']
2023-04-20 00:20:00,130299,SE of Middleburg,1.0,98,0.0,0.0,35.0733,-97.694,OUN,2023-04-20 00:20:00,True,['KTLX'],['s3://unidata-nexrad-level2/2023/04/20/KTLX/KTLX20230420_001609_V06']
2023-04-20 00:20:00,130300,SE of Middleburg,1.0,90,0.0,0.0,35.073,-97.6941,OUN,2023-04-20 00:20:00,True,['KTLX'],['s3://unidata-nexrad-level2/2023/04/20/KTLX/KTLX20230420_001609_V06']
2023-04-20 00:20:00,130301,SE of Middleburg,0.0,70,0.0,0.0,35.0708,-97.6941,OUN,2023-04-20 00:20:00,True,['KTLX'],['s3://unidata-nexrad-level2/2023/04/20/KTLX/KTLX20230420_001609_V06']
2023-04-20 00:20:00,130307,SE of Middleburg,0.0,74,0.0,0.0,35.0733,-97.6888,OUN,2023-04-20 00:20:00,True,['KTLX'],['s3://unidata-nexrad-level2/2023/04/20/KTLX/KTLX20230420_001609_V06']
2023-04-20 00:30:00,130308,Cole-Goldsby,0.0,74,0.0,0.0,35.0879,-97.6248,OUN,2023-04-20 00:30:00,True,['KTLX'],['s3://unidata-nexrad-level2/2023/04/20/KTLX/KTLX20230420_002926_V06']
2023-04-20 02:21:00,130309,Bethel Acres,1.0,90,0.0,0.0,35.3312,-97.0257,OUN,2023-04-20 02:21:00,True,['KTLX'],['s3://unidata-nexrad-level2/2023/04/20/KTLX/KTLX20230420_021619_V06']
2023-04-20 02:21:00,130310,Bethel Acres,0.0,74,0.0,0.0,35.3148,-97.017,OUN,2023-04-20 02:21:00,True,['KTLX'],['s3://unidata-nexrad-level2/2023/04/20/KTLX/KTLX20230420_021619_V06']
2023-04-20 02:21:00,130311,Bethel Acres,0.0,75,0.0,0.0,35.3193,-97.0192,OUN,2023-04-20 02:21:00,True,['KTLX'],['s3://unidata-nexrad-level2/2023/04/20/KTLX/KTLX20230420_021619_V06']
2023-04-20 00:20:00,130323,SE of Middleburg,0.0,70,0.0,0.0,35.0705,-97.6941,OUN,2023-04-20 00:20:00,True,['KTLX'],['s3://unidata-nexrad-level2/2023/04/20/KTLX/KTLX20230420_001609_V06']
2023-04-20 01:10:00,130338,,-1.0,61,0.0,0.0,35.0494,-97.3711,OUN,2023-04-20 01:10:00,True,['KTLX'],['s3://unidata-nexrad-level2/2023/04/20/KTLX/KTLX20230420_010844_V06']
2023-04-20 00:20:00,130361,SE of Middleburg,-1.0,79,0.0,0.0,35.0771,-97.6865,,2023-04-20 00:20:00,True,['KTLX'],['s3://unidata-nexrad-level2/2023/04/20/KTLX/KTLX20230420_001609_V06']
2023-04-20 02:18:00,130362,Little Axe,0.0,80,0.0,0.0,35.2612,-97.1905,OUN,2023-04-20 02:18:00,True,['KTLX'],['s3://unidata-nexrad-level2/2023/04/20/KTLX/KTLX20230420_021619_V06']
2023-04-20 02:18:00,130435,Little Axe,0.0,74,0.0,0.0,35.2556,-97.186,OUN,2023-04-20 02:18:00,True,['KTLX'],['s3://unidata-nexrad-level2/2023/04/20/KTLX/KTLX20230420_021619_V06']
2023-04-20 02:18:00,130485,Little Axe,0.0,79,0.0,0.0,35.2607,-97.1743,OUN,2023-04-20 02:18:00,True,['KTLX'],['s3://unidata-nexrad-level2/2023/04/20/KTLX/KTLX20230420_021619_V06']
2023-04-20 02:04:00,130527,S of Pink,0.0,74,0.0,0.0,35.2289,-97.1091,OUN,2023-04-20 02:04:00,True,['KTLX'],['s3://unidata-nexrad-level2/2023/04/20/KTLX/KTLX20230420_020236_V06']
2023-04-20 02:04:00,130529,S of Pink,0.0,74,0.0,0.0,35.2319,-97.1012,OUN,2023-04-20 02:04:00,True,['KTLX'],['s3://unidata-nexrad-level2/2023/04/20/KTLX/KTLX20230420_020236_V06']
2023-04-20 02:04:00,130530,S of Pink,1.0,107,0.0,0.0,35.2318,-97.1028,OUN,2023-04-20 02:04:00,True,['KTLX'],['s3://unidata-nexrad-level2/2023/04/20/KTLX/KTLX20230420_020236_V06']
2023-04-20 02:04:00,130531,S of Pink,1.0,94,0.0,0.0,35.2324,-97.1065,OUN,2023-04-20 02:04:00,True,['KTLX'],['s3://unidata-nexrad-level2/2023/04/20/KTLX/KTLX20230420_020236_V06']
2023-04-20 02:10:00,130532,,-1.0,60,0.0,0.0,35.2608,-97.0963,OUN,2023-04-20 02:10:00,True,['KTLX'],['s3://unidata-nexrad-level2/2023/04/20/KTLX/KTLX20230420_020928_V06']
2023-04-20 02:10:00,130533,,-1.0,65,0.0,0.0,35.2553,-97.0819,OUN,2023-04-20 02:10:00,True,['KTLX'],['s3://unidata-nexrad-level2/2023/04/20/KTLX/KTLX20230420_020928_V06']
2023-04-20 01:47:00,130534,NE of Etowah,0.0,70,0.0,0.0,35.2034,-97.1312,OUN,2023-04-20 01:47:00,True,['KTLX'],['s3://unidata-nexrad-level2/2023/04/20/KTLX/KTLX20230420_014231_V06']
2023-04-20 01:47:00,130535,NE of Etowah,0.0,61,0.0,0.0,35.2046,-97.1307,OUN,2023-04-20 01:47:00,True,['KTLX'],['s3://unidata-nexrad-level2/2023/04/20/KTLX/KTLX20230420_014231_V06']
2023-04-20 01:47:00,130536,NE of Etowah,1.0,93,0.0,0.0,35.2031,-97.133,OUN,2023-04-20 01:47:00,True,['KTLX'],['s3://unidata-nexrad-level2/2023/04/20/KTLX/KTLX20230420_014231_V06']
2023-04-20 01:47:00,130537,NE of Etowah,0.0,85,0.0,0.0,35.1813,-97.1523,OUN,2023-04-20 01:47:00,True,['KTLX'],['s3://unidata-nexrad-level2/2023/04/20/KTLX/KTLX20230420_014231_V06']
2023-04-20 01:47:00,130538,NE of Etowah,1.0,93,0.0,0.0,35.1813,-97.1529,OUN,2023-04-20 01:47:00,True,['KTLX'],['s3://unidata-nexrad-level2/2023/04/20/KTLX/KTLX20230420_014231_V06']
2023-04-20 01:47:00,130539,NE of Etowah,2.0,115,0.0,0.0,35.1814,-97.1546,OUN,2023-04-20 01:47:00,True,['KTLX'],['s3://unidata-nexrad-level2/2023/04/20/KTLX/KTLX20230420_014231_V06']
2023-04-20 01:47:00,130540,NE of Etowah,1.0,88,0.0,0.0,35.1795,-97.1582,OUN,2023-04-20 01:47:00,True,['KTLX'],['s3://unidata-nexrad-level2/2023/04/20/KTLX/KTLX20230420_014231_V06']
2023-04-20 01:47:00,130541,NE of Etowah,1.0,107,0.0,0.0,35.1742,-97.1714,OUN,2023-04-20 01:47:00,True,['KTLX'],['s3://unidata-nexrad-level2/2023/04/20/KTLX/KTLX20230420_014231_V06']
2023-04-20 00:30:00,130542,Cole-Goldsby,2.0,118,0.0,0.0,35.11,-97.5475,OUN,2023-04-20 00:30:00,True,['KTLX'],['s3://unidata-nexrad-level2/2023/04/20/KTLX/KTLX20230420_002926_V06']
2023-04-20 00:30:00,130543,Cole-Goldsby,1.0,96,0.0,0.0,35.0874,-97.5823,OUN,2023-04-20 00:30:00,True,['KTLX'],['s3://unidata-nexrad-level2/2023/04/20/KTLX/KTLX20230420_002926_V06']
2023-04-20 01:47:00,130547,NE of Etowah,1.0,98,0.0,0.0,35.203,-97.1401,OUN,2023-04-20 01:47:00,True,['KTLX'],['s3://unidata-nexrad-level2/2023/04/20/KTLX/KTLX20230420_014231_V06']
2023-04-20 01:47:00,130549,NE of Etowah,0.0,79,0.0,0.0,35.1601,-97.1725,OUN,2023-04-20 01:47:00,True,['KTLX'],['s3://unidata-nexrad-level2/2023/04/20/KTLX/KTLX20230420_014231_V06']
2023-04-20 01:47:00,130550,NE of Etowah,1.0,97,0.0,0.0,35.1603,-97.1714,OUN,2023-04-20 01:47:00,True,['KTLX'],['s3://unidata-nexrad-level2/2023/04/20/KTLX/KTLX20230420_014231_V06']
2023-04-20 01:47:00,130551,NE of Etowah,1.0,109,0.0,0.0,35.1611,-97.1702,OUN,2023-04-20 01:47:00,True,['KTLX'],['s3://unidata-nexrad-level2/2023/04/20/KTLX/KTLX20230420_014231_V06']
2023-04-20 01:47:00,130552,NE of Etowah,1.0,110,0.0,0.0,35.1614,-97.1703,OUN,2023-04-20 01:47:00,True,['KTLX'],['s3://unidata-nexrad-level2/2023/04/20/KTLX/KTLX20230420_014231_V06']
2023-04-20 01:47:00,130553,NE of Etowah,0.0,65,0.0,0.0,35.16,-97.1752,OUN,2023-04-20 01:47:00,True,['KTLX'],['s3://unidata-nexrad-level2/2023/04/20/KTLX/KTLX20230420_014231_V06']
2023-04-20 01:47:00,130554,NE of Etowah,0.0,83,0.0,0.0,35.1599,-97.1755,OUN,2023-04-20 01:47:00,True,['KTLX'],['s3://unidata-nexrad-level2/2023/04/20/KTLX/KTLX20230420_014231_V06']
2023-04-20 01:47:00,130555,NE of Etowah,1.0,105,0.0,0.0,35.1613,-97.1771,OUN,2023-04-20 01:47:00,True,['KTLX'],['s3://unidata-nexrad-level2/2023/04/20/KTLX/KTLX20230420_014231_V06']
2023-04-20 01:47:00,130556,NE of Etowah,1.0,98,0.0,0.0,35.1615,-97.1782,OUN,2023-04-20 01:47:00,True,['KTLX'],['s3://unidata-nexrad-level2/2023/04/20/KTLX/KTLX20230420_014231_V06']
2023-04-20 01:47:00,130557,NE of Etowah,1.0,87,0.0,0.0,35.163,-97.1771,OUN,2023-04-20 01:47:00,True,['KTLX'],['s3://unidata-nexrad-level2/2023/04/20/KTLX/KTLX20230420_014231_V06']
2023-04-20 01:47:00,130558,NE of Etowah,1.0,87,0.0,0.0,35.1629,-97.1766,OUN,2023-04-20 01:47:00,True,['KTLX'],['s3://unidata-nexrad-level2/2023/04/20/KTLX/KTLX20230420_014231_V06']
2023-04-20 01:47:00,130559,NE of Etowah,1.0,107,0.0,0.0,35.1645,-97.1767,OUN,2023-04-20 01:47:00,True,['KTLX'],['s3://unidata-nexrad-level2/2023/04/20/KTLX/KTLX20230420_014231_V06']
2023-04-20 01:47:00,130560,NE of Etowah,1.0,108,0.0,0.0,35.1633,-97.1772,OUN,2023-04-20 01:47:00,True,['KTLX'],['s3://unidata-nexrad-level2/2023/04/20/KTLX/KTLX20230420_014231_V06']
2023-04-20 01:47:00,130561,NE of Etowah,0.0,80,0.0,0.0,35.1611,-97.1791,OUN,2023-04-20 01:47:00,True,['KTLX'],['s3://unidata-nexrad-level2/2023/04/20/KTLX/KTLX20230420_014231_V06']
2023-04-20 01:47:00,130562,NE of Etowah,1.0,107,0.0,0.0,35.1605,-97.1786,OUN,2023-04-20 01:47:00,True,['KTLX'],['s3://unidata-nexrad-level2/2023/04/20/KTLX/KTLX20230420_014231_V06']
2023-04-20 01:47:00,130563,NE of Etowah,1.0,87,0.0,0.0,35.1616,-97.1817,OUN,2023-04-20 01:47:00,True,['KTLX'],['s3://unidata-nexrad-level2/2023/04/20/KTLX/KTLX20230420_014231_V06']
2023-04-20 01:47:00,130564,NE of Etowah,1.0,87,0.0,0.0,35.1601,-97.1817,OUN,2023-04-20 01:47:00,True,['KTLX'],['s3://unidata-nexrad-level2/2023/04/20/KTLX/KTLX20230420_014231_V06']
2023-04-20 01:47:00,130565,NE of Etowah,0.0,74,0.0,0.0,35.1613,-97.1793,OUN,2023-04-20 01:47:00,True,['KTLX'],['s3://unidata-nexrad-level2/2023/04/20/KTLX/KTLX20230420_014231_V06']
2023-04-20 01:47:00,130567,NE of Etowah,0.0,65,0.0,0.0,35.1614,-97.1787,OUN,2023-04-20 01:47:00,True,['KTLX'],['s3://unidata-nexrad-level2/2023/04/20/KTLX/KTLX20230420_014231_V06']
2023-04-20 01:47:00,130568,NE of Etowah,1.0,93,0.0,0.0,35.1602,-97.1836,OUN,2023-04-20 01:47:00,True,['KTLX'],['s3://unidata-nexrad-level2/2023/04/20/KTLX/KTLX20230420_014231_V06']
2023-04-20 01:47:00,130569,NE of Etowah,1.0,107,0.0,0.0,35.1625,-97.1801,OUN,2023-04-20 01:47:00,True,['KTLX'],['s3://unidata-nexrad-level2/2023/04/20/KTLX/KTLX20230420_014231_V06']
2023-04-20 01:36:00,130570,Etowah,1.0,93,0.0,0.0,35.1356,-97.2258,OUN,2023-04-20 01:36:00,True,['KTLX'],['s3://unidata-nexrad-level2/2023/04/20/KTLX/KTLX20230420_013540_V06']
2023-04-20 01:32:00,130571,SW of Etowah,1.0,95,0.0,0.0,35.1257,-97.2448,OUN,2023-04-20 01:32:00,True,['KTLX'],['s3://unidata-nexrad-level2/2023/04/20/KTLX/KTLX20230420_012903_V06']
2023-04-20 01:32:00,130572,SW of Etowah,0.0,74,0.0,0.0,35.1257,-97.2438,OUN,2023-04-20 01:32:00,True,['KTLX'],['s3://unidata-nexrad-level2/2023/04/20/KTLX/KTLX20230420_012903_V06']
2023-04-20 01:32:00,130573,SW of Etowah,0.0,80,0.0,0.0,35.1258,-97.2443,OUN,2023-04-20 01:32:00,True,['KTLX'],['s3://unidata-nexrad-level2/2023/04/20/KTLX/KTLX20230420_012903_V06']
2023-04-20 01:36:00,130574,Etowah,1.0,93,0.0,0.0,35.1291,-97.2422,OUN,2023-04-20 01:36:00,True,['KTLX'],['s3://unidata-nexrad-level2/2023/04/20/KTLX/KTLX20230420_013540_V06']
2023-04-20 01:36:00,130575,Etowah,1.0,90,0.0,0.0,35.1306,-97.2417,OUN,2023-04-20 01:36:00,True,['KTLX'],['s3://unidata-nexrad-level2/2023/04/20/KTLX/KTLX20230420_013540_V06']
2023-04-20 01:47:00,130578,NE of Etowah,0.0,74,0.0,0.0,35.1742,-97.179,OUN,2023-04-20 01:47:00,True,['KTLX'],['s3://unidata-nexrad-level2/2023/04/20/KTLX/KTLX20230420_014231_V06']
2023-04-20 01:47:00,130579,NE of Etowah,0.0,76,0.0,0.0,35.1739,-97.1773,OUN,2023-04-20 01:47:00,True,['KTLX'],['s3://unidata-nexrad-level2/2023/04/20/KTLX/KTLX20230420_014231_V06']
2023-04-20 01:47:00,130580,NE of Etowah,1.0,93,0.0,0.0,35.1726,-97.1773,OUN,2023-04-20 01:47:00,True,['KTLX'],['s3://unidata-nexrad-level2/2023/04/20/KTLX/KTLX20230420_014231_V06']
2023-04-20 00:45:00,130581,,-1.0,74,0.0,0.0,35.1451,-97.1594,OUN,2023-04-20 00:45:00,True,['KTLX'],['s3://unidata-nexrad-level2/2023/04/20/KTLX/KTLX20230420_004221_V06']
2023-04-20 01:36:00,130582,Etowah,1.0,90,0.0,0.0,35.1453,-97.1784,OUN,2023-04-20 01:36:00,True,['KTLX'],['s3://unidata-nexrad-level2/2023/04/20/KTLX/KTLX20230420_013540_V06']
2023-04-20 01:36:00,130583,Etowah,1.0,94,0.0,0.0,35.1454,-97.181,OUN,2023-04-20 01:36:00,True,['KTLX'],['s3://unidata-nexrad-level2/2023/04/20/KTLX/KTLX20230420_013540_V06']
2023-04-20 01:36:00,130584,Etowah,0.0,80,0.0,0.0,35.1449,-97.1839,OUN,2023-04-20 01:36:00,True,['KTLX'],['s3://unidata-nexrad-level2/2023/04/20/KTLX/KTLX20230420_013540_V06']
2023-04-20 01:36:00,130585,Etowah,1.0,97,0.0,0.0,35.1432,-97.2021,OUN,2023-04-20 01:36:00,True,['KTLX'],['s3://unidata-nexrad-level2/2023/04/20/KTLX/KTLX20230420_013540_V06']
2023-04-20 01:47:00,130586,NE of Etowah,0.0,60,0.0,0.0,35.1652,-97.1827,OUN,2023-04-20 01:47:00,True,['KTLX'],['s3://unidata-nexrad-level2/2023/04/20/KTLX/KTLX20230420_014231_V06']
2023-04-20 01:36:00,130587,Etowah,0.0,60,0.0,0.0,35.1399,-97.2015,OUN,2023-04-20 01:36:00,True,['KTLX'],['s3://unidata-nexrad-level2/2023/04/20/KTLX/KTLX20230420_013540_V06']
2023-04-20 01:45:00,130588,Etowah,-1.0,60,0.0,0.0,35.1453,-97.2015,OUN,2023-04-20 01:45:00,True,['KTLX'],['s3://unidata-nexrad-level2/2023/04/20/KTLX/KTLX20230420_014231_V06']
2023-04-20 19:36:00,130589,Etowah,0.0,60,0.0,0.0,35.1535,-97.1773,OUN,2023-04-20 19:36:00,True,['KTLX'],['s3://unidata-nexrad-level2/2023/04/20/KTLX/KTLX20230420_193320_V06']
2023-04-20 01:47:00,130590,NE of Etowah,0.0,60,0.0,0.0,35.1796,-97.1645,OUN,2023-04-20 01:47:00,True,['KTLX'],['s3://unidata-nexrad-level2/2023/04/20/KTLX/KTLX20230420_014231_V06']
2023-04-20 01:47:00,130591,NE of Etowah,0.0,62,0.0,0.0,35.1796,-97.1641,OUN,2023-04-20 01:47:00,True,['KTLX'],['s3://unidata-nexrad-level2/2023/04/20/KTLX/KTLX20230420_014231_V06']
2023-04-20 01:47:00,130592,NE of Etowah,0.0,61,0.0,0.0,35.1796,-97.1618,OUN,2023-04-20 01:47:00,True,['KTLX'],['s3://unidata-nexrad-level2/2023/04/20/KTLX/KTLX20230420_014231_V06']
2023-04-20 01:47:00,130593,NE of Etowah,0.0,61,0.0,0.0,35.1842,-97.1626,OUN,2023-04-20 01:47:00,True,['KTLX'],['s3://unidata-nexrad-level2/2023/04/20/KTLX/KTLX20230420_014231_V06']
2023-04-20 01:47:00,130594,NE of Etowah,1.0,98,0.0,0.0,35.1779,-97.1597,OUN,2023-04-20 01:47:00,True,['KTLX'],['s3://unidata-nexrad-level2/2023/04/20/KTLX/KTLX20230420_014231_V06']
2023-04-20 01:47:00,130595,NE of Etowah,0.0,60,0.0,0.0,35.1659,-97.1773,OUN,2023-04-20 01:47:00,True,['KTLX'],['s3://unidata-nexrad-level2/2023/04/20/KTLX/KTLX20230420_014231_V06']
2023-04-20 01:36:00,130596,Etowah,0.0,50,0.0,0.0,35.1469,-97.1772,OUN,2023-04-20 01:36:00,True,['KTLX'],['s3://unidata-nexrad-level2/2023/04/20/KTLX/KTLX20230420_013540_V06']
2023-04-20 01:47:00,130597,NE of Etowah,0.0,60,0.0,0.0,35.1583,-97.1772,OUN,2023-04-20 01:47:00,True,['KTLX'],['s3://unidata-nexrad-level2/2023/04/20/KTLX/KTLX20230420_014231_V06']
2023-04-20 01:47:00,130598,NE of Etowah,0.0,60,0.0,0.0,35.1652,-97.1799,OUN,2023-04-20 01:47:00,True,['KTLX'],['s3://unidata-nexrad-level2/2023/04/20/KTLX/KTLX20230420_014231_V06']
2023-04-20 01:47:00,130599,NE of Etowah,0.0,60,0.0,0.0,35.1652,-97.1789,OUN,2023-04-20 01:47:00,True,['KTLX'],['s3://unidata-nexrad-level2/2023/04/20/KTLX/KTLX20230420_014231_V06']
2023-04-20 01:47:00,130600,NE of Etowah,0.0,70,0.0,0.0,35.1705,-97.1773,OUN,2023-04-20 01:47:00,True,['KTLX'],['s3://unidata-nexrad-level2/2023/04/20/KTLX/KTLX20230420_014231_V06']
2023-04-20 01:36:00,130601,Etowah,2.0,122,0.0,0.0,35.1311,-97.2251,OUN,2023-04-20 01:36:00,True,['KTLX'],['s3://unidata-nexrad-level2/2023/04/20/KTLX/KTLX20230420_013540_V06']
2023-04-20 01:47:00,130602,NE of Etowah,1.0,98,0.0,0.0,35.1745,-97.1665,OUN,2023-04-20 01:47:00,True,['KTLX'],['s3://unidata-nexrad-level2/2023/04/20/KTLX/KTLX20230420_014231_V06']
2023-04-20 01:47:00,130603,NE of Etowah,2.0,122,0.0,0.0,35.1793,-97.1566,OUN,2023-04-20 01:47:00,True,['KTLX'],['s3://unidata-nexrad-level2/2023/04/20/KTLX/KTLX20230420_014231_V06']
2023-04-20 02:04:00,130604,S of Pink,2.0,125,0.0,0.0,35.2301,-97.1081,OUN,2023-04-20 02:04:00,True,['KTLX'],['s3://unidata-nexrad-level2/2023/04/20/KTLX/KTLX20230420_020236_V06']
2023-04-20 02:04:00,130605,S of Pink,0.0,74,0.0,0.0,35.233,-97.1031,OUN,2023-04-20 02:04:00,True,['KTLX'],['s3://unidata-nexrad-level2/2023/04/20/KTLX/KTLX20230420_020236_V06']
2023-04-20 03:39:00,130606,NE of Johnson,1.0,97,0.0,0.0,35.4275,-96.791,OUN,2023-04-20 03:39:00,True,['KTLX'],['s3://unidata-nexrad-level2/2023/04/20/KTLX/KTLX20230420_033418_V06']
2023-04-20 01:47:00,130607,NE of Etowah,2.0,112,0.0,0.0,35.1756,-97.1636,OUN,2023-04-20 01:47:00,True,['KTLX'],['s3://unidata-nexrad-level2/2023/04/20/KTLX/KTLX20230420_014231_V06']
2023-04-20 01:47:00,130608,NE of Etowah,2.0,115,0.0,0.0,35.1753,-97.1647,OUN,2023-04-20 01:47:00,True,['KTLX'],['s3://unidata-nexrad-level2/2023/04/20/KTLX/KTLX20230420_014231_V06']
2023-04-20 01:47:00,130609,NE of Etowah,2.0,115,0.0,0.0,35.1758,-97.163,OUN,2023-04-20 01:47:00,True,['KTLX'],['s3://unidata-nexrad-level2/2023/04/20/KTLX/KTLX20230420_014231_V06']
2023-04-20 01:47:00,130610,NE of Etowah,1.0,97,0.0,0.0,35.1782,-97.1592,OUN,2023-04-20 01:47:00,True,['KTLX'],['s3://unidata-nexrad-level2/2023/04/20/KTLX/KTLX20230420_014231_V06']
2023-04-20 01:47:00,130611,NE of Etowah,1.0,107,0.0,0.0,35.1834,-97.1663,OUN,2023-04-20 01:47:00,True,['KTLX'],['s3://unidata-nexrad-level2/2023/04/20/KTLX/KTLX20230420_014231_V06']
2023-04-20 01:47:00,130612,NE of Etowah,0.0,79,0.0,0.0,35.1787,-97.1621,OUN,2023-04-20 01:47:00,True,['KTLX'],['s3://unidata-nexrad-level2/2023/04/20/KTLX/KTLX20230420_014231_V06']
2023-04-20 01:47:00,130613,NE of Etowah,1.0,93,0.0,0.0,35.1793,-97.1667,OUN,2023-04-20 01:47:00,True,['KTLX'],['s3://unidata-nexrad-level2/2023/04/20/KTLX/KTLX20230420_014231_V06']
2023-04-20 01:47:00,130614,NE of Etowah,1.0,107,0.0,0.0,35.1727,-97.1652,OUN,2023-04-20 01:47:00,True,['KTLX'],['s3://unidata-nexrad-level2/2023/04/20/KTLX/KTLX20230420_014231_V06']
2023-04-20 01:47:00,130615,NE of Etowah,1.0,107,0.0,0.0,35.1884,-97.1591,OUN,2023-04-20 01:47:00,True,['KTLX'],['s3://unidata-nexrad-level2/2023/04/20/KTLX/KTLX20230420_014231_V06']
2023-04-20 01:47:00,130616,NE of Etowah,1.0,97,0.0,0.0,35.1633,-97.1793,OUN,2023-04-20 01:47:00,True,['KTLX'],['s3://unidata-nexrad-level2/2023/04/20/KTLX/KTLX20230420_014231_V06']
2023-04-20 01:47:00,130617,NE of Etowah,2.0,115,0.0,0.0,35.1637,-97.1723,OUN,2023-04-20 01:47:00,True,['KTLX'],['s3://unidata-nexrad-level2/2023/04/20/KTLX/KTLX20230420_014231_V06']
2023-04-20 01:47:00,130618,NE of Etowah,1.0,107,0.0,0.0,35.1656,-97.1777,OUN,2023-04-20 01:47:00,True,['KTLX'],['s3://unidata-nexrad-level2/2023/04/20/KTLX/KTLX20230420_014231_V06']
2023-04-20 01:47:00,130619,NE of Etowah,1.0,89,0.0,0.0,35.1838,-97.1613,OUN,2023-04-20 01:47:00,True,['KTLX'],['s3://unidata-nexrad-level2/2023/04/20/KTLX/KTLX20230420_014231_V06']
2023-04-20 01:47:00,130620,NE of Etowah,1.0,97,0.0,0.0,35.1667,-97.1741,OUN,2023-04-20 01:47:00,True,['KTLX'],['s3://unidata-nexrad-level2/2023/04/20/KTLX/KTLX20230420_014231_V06']
2023-04-20 01:36:00,130621,Etowah,0.0,79,0.0,0.0,35.1378,-97.2436,OUN,2023-04-20 01:36:00,True,['KTLX'],['s3://unidata-nexrad-level2/2023/04/20/KTLX/KTLX20230420_013540_V06']
2023-04-20 01:47:00,130622,NE of Etowah,1.0,87,0.0,0.0,35.1849,-97.1546,OUN,2023-04-20 01:47:00,True,['KTLX'],['s3://unidata-nexrad-level2/2023/04/20/KTLX/KTLX20230420_014231_V06']
2023-04-20 01:47:00,130623,NE of Etowah,0.0,80,0.0,0.0,35.1867,-97.1542,OUN,2023-04-20 01:47:00,True,['KTLX'],['s3://unidata-nexrad-level2/2023/04/20/KTLX/KTLX20230420_014231_V06']
2023-04-20 01:47:00,130624,NE of Etowah,0.0,80,0.0,0.0,35.1802,-97.157,OUN,2023-04-20 01:47:00,True,['KTLX'],['s3://unidata-nexrad-level2/2023/04/20/KTLX/KTLX20230420_014231_V06']
2023-04-20 01:47:00,130625,NE of Etowah,1.0,104,0.0,0.0,35.1856,-97.1564,OUN,2023-04-20 01:47:00,True,['KTLX'],['s3://unidata-nexrad-level2/2023/04/20/KTLX/KTLX20230420_014231_V06']
2023-04-20 01:36:00,130626,Etowah,1.0,90,0.0,0.0,35.1419,-97.2012,OUN,2023-04-20 01:36:00,True,['KTLX'],['s3://unidata-nexrad-level2/2023/04/20/KTLX/KTLX20230420_013540_V06']
2023-04-20 01:36:00,130627,Etowah,1.0,89,0.0,0.0,35.1414,-97.2018,OUN,2023-04-20 01:36:00,True,['KTLX'],['s3://unidata-nexrad-level2/2023/04/20/KTLX/KTLX20230420_013540_V06']
2023-04-20 01:47:00,130628,NE of Etowah,1.0,93,0.0,0.0,35.1941,-97.147,OUN,2023-04-20 01:47:00,True,['KTLX'],['s3://unidata-nexrad-level2/2023/04/20/KTLX/KTLX20230420_014231_V06']
2023-04-20 01:47:00,130629,NE of Etowah,0.0,74,0.0,0.0,35.2049,-97.136,OUN,2023-04-20 01:47:00,True,['KTLX'],['s3://unidata-nexrad-level2/2023/04/20/KTLX/KTLX20230420_014231_V06']
2023-04-20 01:47:00,130630,NE of Etowah,1.0,90,0.0,0.0,35.1956,-97.1525,OUN,2023-04-20 01:47:00,True,['KTLX'],['s3://unidata-nexrad-level2/2023/04/20/KTLX/KTLX20230420_014231_V06']
2023-04-20 01:47:00,130631,NE of Etowah,1.0,107,0.0,0.0,35.1836,-97.1522,OUN,2023-04-20 01:47:00,True,['KTLX'],['s3://unidata-nexrad-level2/2023/04/20/KTLX/KTLX20230420_014231_V06']
2023-04-20 01:47:00,130632,NE of Etowah,0.0,74,0.0,0.0,35.1888,-97.1482,OUN,2023-04-20 01:47:00,True,['KTLX'],['s3://unidata-nexrad-level2/2023/04/20/KTLX/KTLX20230420_014231_V06']
2023-04-20 02:04:00,130633,S of Pink,1.0,107,0.0,0.0,35.2314,-97.1078,OUN,2023-04-20 02:04:00,True,['KTLX'],['s3://unidata-nexrad-level2/2023/04/20/KTLX/KTLX20230420_020236_V06']
2023-04-20 03:39:00,130636,NE of Johnson,1.0,104,0.0,0.0,35.4201,-96.7911,OUN,2023-04-20 03:39:00,True,['KTLX'],['s3://unidata-nexrad-level2/2023/04/20/KTLX/KTLX20230420_033418_V06']
2023-04-20 03:39:00,130637,NE of Johnson,0.0,62,0.0,0.0,35.419200000000004,-96.7909,OUN,2023-04-20 03:39:00,True,['KTLX'],['s3://unidata-nexrad-level2/2023/04/20/KTLX/KTLX20230420_033418_V06']
2023-04-20 03:39:00,130638,NE of Johnson,1.0,97,0.0,0.0,35.4273,-96.7915,OUN,2023-04-20 03:39:00,True,['KTLX'],['s3://unidata-nexrad-level2/2023/04/20/KTLX/KTLX20230420_033418_V06']
2023-04-20 03:39:00,130639,NE of Johnson,1.0,94,0.0,0.0,35.4278,-96.792,OUN,2023-04-20 03:39:00,True,['KTLX'],['s3://unidata-nexrad-level2/2023/04/20/KTLX/KTLX20230420_033418_V06']
2023-04-20 03:39:00,130640,NE of Johnson,1.0,100,0.0,0.0,35.4269,-96.7916,OUN,2023-04-20 03:39:00,True,['KTLX'],['s3://unidata-nexrad-level2/2023/04/20/KTLX/KTLX20230420_033418_V06']
2023-04-20 03:39:00,130641,NE of Johnson,1.0,100,0.0,0.0,35.4272,-96.7916,OUN,2023-04-20 03:39:00,True,['KTLX'],['s3://unidata-nexrad-level2/2023/04/20/KTLX/KTLX20230420_033418_V06']
2023-04-20 00:30:00,130642,Cole-Goldsby,1.0,104,0.0,0.0,35.0975,-97.5682,OUN,2023-04-20 00:30:00,True,['KTLX'],['s3://unidata-nexrad-level2/2023/04/20/KTLX/KTLX20230420_002926_V06']
2023-04-20 00:30:00,130646,Cole-Goldsby,2.0,122,0.0,0.0,35.097,-97.5685,OUN,2023-04-20 00:30:00,True,['KTLX'],['s3://unidata-nexrad-level2/2023/04/20/KTLX/KTLX20230420_002926_V06']
2023-04-20 00:30:00,130647,Cole-Goldsby,1.0,97,0.0,0.0,35.0979,-97.5692,OUN,2023-04-20 00:30:00,True,['KTLX'],['s3://unidata-nexrad-level2/2023/04/20/KTLX/KTLX20230420_002926_V06']
2023-04-20 00:30:00,130777,Cole-Goldsby,2.0,127,0.0,0.0,35.0904,-97.6008,OUN,2023-04-20 00:30:00,True,['KTLX'],['s3://unidata-nexrad-level2/2023/04/20/KTLX/KTLX20230420_002926_V06']
2023-04-20 00:30:00,130778,Cole-Goldsby,2.0,134,0.0,0.0,35.0921,-97.6007,,2023-04-20 00:30:00,True,['KTLX'],['s3://unidata-nexrad-level2/2023/04/20/KTLX/KTLX20230420_002926_V06']
2023-04-20 00:30:00,130779,Cole-Goldsby,2.0,127,0.0,0.0,35.0917,-97.6008,,2023-04-20 00:30:00,True,['KTLX'],['s3://unidata-nexrad-level2/2023/04/20/KTLX/KTLX20230420_002926_V06']
2023-04-20 00:30:00,130780,Cole-Goldsby,2.0,127,0.0,0.0,35.091,-97.5983,,2023-04-20 00:30:00,True,['KTLX'],['s3://unidata-nexrad-level2/2023/04/20/KTLX/KTLX20230420_002926_V06']
2023-04-20 00:30:00,130781,Cole-Goldsby,1.0,97,0.0,0.0,35.0883,-97.5984,,2023-04-20 00:30:00,True,['KTLX'],['s3://unidata-nexrad-level2/2023/04/20/KTLX/KTLX20230420_002926_V06']
2023-04-20 00:30:00,130782,Cole-Goldsby,1.0,97,0.0,0.0,35.0874,-97.5981,,2023-04-20 00:30:00,True,['KTLX'],['s3://unidata-nexrad-level2/2023/04/20/KTLX/KTLX20230420_002926_V06']
2023-04-20 00:30:00,130783,Cole-Goldsby,2.0,127,0.0,0.0,35.0898,-97.5814,,2023-04-20 00:30:00,True,['KTLX'],['s3://unidata-nexrad-level2/2023/04/20/KTLX/KTLX20230420_002926_V06']
2023-04-20 00:30:00,130784,Cole-Goldsby,2.0,122,0.0,0.0,35.0896,-97.5815,,2023-04-20 00:30:00,True,['KTLX'],['s3://unidata-nexrad-level2/2023/04/20/KTLX/KTLX20230420_002926_V06']
2023-04-20 00:56:00,130802,NE of Washington,1.0,95,0.0,0.0,35.0879,-97.4598,OUN,2023-04-20 00:56:00,True,['KTLX'],['s3://unidata-nexrad-level2/2023/04/20/KTLX/KTLX20230420_005549_V06']
2023-04-20 00:56:00,130803,NE of Washington,0.0,83,0.0,0.0,35.0838,-97.4603,OUN,2023-04-20 00:56:00,True,['KTLX'],['s3://unidata-nexrad-level2/2023/04/20/KTLX/KTLX20230420_005549_V06']
2023-04-20 00:56:00,130804,NE of Washington,1.0,98,0.0,0.0,35.0818,-97.459,OUN,2023-04-20 00:56:00,True,['KTLX'],['s3://unidata-nexrad-level2/2023/04/20/KTLX/KTLX20230420_005549_V06']
2023-04-20 00:56:00,130805,NE of Washington,0.0,74,0.0,0.0,35.0783,-97.4591,OUN,2023-04-20 00:56:00,True,['KTLX'],['s3://unidata-nexrad-level2/2023/04/20/KTLX/KTLX20230420_005549_V06']
2023-04-20 00:30:00,130830,Cole-Goldsby,1.0,97,0.0,0.0,35.0826,-97.5982,OUN,2023-04-20 00:30:00,True,['KTLX'],['s3://unidata-nexrad-level2/2023/04/20/KTLX/KTLX20230420_002926_V06']
2023-04-20 00:30:00,130831,Cole-Goldsby,1.0,95,0.0,0.0,35.0829,-97.5997,OUN,2023-04-20 00:30:00,True,['KTLX'],['s3://unidata-nexrad-level2/2023/04/20/KTLX/KTLX20230420_002926_V06']
2023-04-20 00:30:00,130832,Cole-Goldsby,1.0,100,0.0,0.0,35.1005,-97.5696,OUN,2023-04-20 00:30:00,True,['KTLX'],['s3://unidata-nexrad-level2/2023/04/20/KTLX/KTLX20230420_002926_V06']
2023-04-20 00:30:00,130834,Cole-Goldsby,1.0,107,0.0,0.0,35.105,-97.5617,OUN,2023-04-20 00:30:00,True,['KTLX'],['s3://unidata-nexrad-level2/2023/04/20/KTLX/KTLX20230420_002926_V06']
2023-04-20 00:30:00,130836,Cole-Goldsby,1.0,107,0.0,0.0,35.1031,-97.5615,OUN,2023-04-20 00:30:00,True,['KTLX'],['s3://unidata-nexrad-level2/2023/04/20/KTLX/KTLX20230420_002926_V06']
2023-04-20 00:30:00,130838,Cole-Goldsby,1.0,90,0.0,0.0,35.1073,-97.5584,OUN,2023-04-20 00:30:00,True,['KTLX'],['s3://unidata-nexrad-level2/2023/04/20/KTLX/KTLX20230420_002926_V06']
2023-04-20 00:30:00,130839,Cole-Goldsby,1.0,104,0.0,0.0,35.107,-97.5569,OUN,2023-04-20 00:30:00,True,['KTLX'],['s3://unidata-nexrad-level2/2023/04/20/KTLX/KTLX20230420_002926_V06']
2023-04-20 00:30:00,130841,Cole-Goldsby,1.0,88,0.0,0.0,35.1077,-97.5557,OUN,2023-04-20 00:30:00,True,['KTLX'],['s3://unidata-nexrad-level2/2023/04/20/KTLX/KTLX20230420_002926_V06']
2023-04-20 00:30:00,130842,Cole-Goldsby,1.0,100,0.0,0.0,35.1077,-97.5553,OUN,2023-04-20 00:30:00,True,['KTLX'],['s3://unidata-nexrad-level2/2023/04/20/KTLX/KTLX20230420_002926_V06']
2023-04-20 00:30:00,130843,Cole-Goldsby,1.0,107,0.0,0.0,35.1086,-97.5546,OUN,2023-04-20 00:30:00,True,['KTLX'],['s3://unidata-nexrad-level2/2023/04/20/KTLX/KTLX20230420_002926_V06']
2023-04-20 00:30:00,130844,Cole-Goldsby,0.0,74,0.0,0.0,35.1086,-97.5516,OUN,2023-04-20 00:30:00,True,['KTLX'],['s3://unidata-nexrad-level2/2023/04/20/KTLX/KTLX20230420_002926_V06']
2023-04-20 00:30:00,130847,Cole-Goldsby,0.0,83,0.0,0.0,35.1069,-97.5583,OUN,2023-04-20 00:30:00,True,['KTLX'],['s3://unidata-nexrad-level2/2023/04/20/KTLX/KTLX20230420_002926_V06']
2023-04-20 00:30:00,130856,Cole-Goldsby,1.0,107,0.0,0.0,35.1079,-97.5511,OUN,2023-04-20 00:30:00,True,['KTLX'],['s3://unidata-nexrad-level2/2023/04/20/KTLX/KTLX20230420_002926_V06']
2023-04-20 01:47:00,130910,NE of Etowah,0.0,79,0.0,0.0,35.1771,-97.168,OUN,2023-04-20 01:47:00,True,['KTLX'],['s3://unidata-nexrad-level2/2023/04/20/KTLX/KTLX20230420_014231_V06']
2023-04-20 02:13:00,131013,,2.0,122,0.0,0.0,35.3034,-97.1126,OUN,2023-04-20 02:13:00,True,['KTLX'],['s3://unidata-nexrad-level2/2023/04/20/KTLX/KTLX20230420_020928_V06']
