dt_start,lat,lon,MAG,WFO,TYPETEXT,field_1,inScanTime,valid_sites,radar_path
2023-04-02 21:43:00,34.71,-97.55,1.0,OUN,HAIL,928195,True,['KTLX'],['s3://unidata-nexrad-level2/2023/04/02/KTLX/KTLX20230402_214041_V06']
2023-04-10 22:30:00,35.99,-97.75,1.75,OUN,HAIL,930801,True,['KTLX'],['s3://unidata-nexrad-level2/2023/04/10/KTLX/KTLX20230410_222837_V06']
2023-04-10 22:34:00,35.87,-97.93,1.5,OUN,HAIL,930802,True,['KTLX'],['s3://unidata-nexrad-level2/2023/04/10/KTLX/KTLX20230410_223234_V06']
2023-04-10 22:34:00,35.91,-97.93,1.75,OUN,HAIL,930803,True,['KTLX'],['s3://unidata-nexrad-level2/2023/04/10/KTLX/KTLX20230410_223234_V06']
2023-04-10 23:05:00,35.73,-97.97,1.5,OUN,HAIL,930806,True,['KTLX'],['s3://unidata-nexrad-level2/2023/04/10/KTLX/KTLX20230410_230207_V06']
2023-04-10 23:13:00,35.76,-97.98,1.25,OUN,HAIL,930807,True,['KTLX'],['s3://unidata-nexrad-level2/2023/04/10/KTLX/KTLX20230410_231100_V06']
2023-04-10 23:23:00,35.73,-97.98,2.0,OUN,HAIL,930808,True,['KTLX'],['s3://unidata-nexrad-level2/2023/04/10/KTLX/KTLX20230410_231941_V06']
2023-04-10 23:50:00,35.54,-98.07,1.75,OUN,HAIL,930810,True,['KTLX'],['s3://unidata-nexrad-level2/2023/04/10/KTLX/KTLX20230410_234653_V06']
2023-04-10 23:50:00,35.54,-98.07,2.0,OUN,HAIL,930811,True,['KTLX'],['s3://unidata-nexrad-level2/2023/04/10/KTLX/KTLX20230410_234653_V06']
2023-04-10 23:51:00,35.53,-98.04,1.5,OUN,HAIL,930812,True,['KTLX'],['s3://unidata-nexrad-level2/2023/04/10/KTLX/KTLX20230410_234653_V06']
2023-04-10 23:51:00,35.54,-98.03,1.75,OUN,HAIL,930813,True,['KTLX'],['s3://unidata-nexrad-level2/2023/04/10/KTLX/KTLX20230410_234653_V06']
2023-04-10 23:56:00,35.54,-98.02,1.5,OUN,HAIL,930814,True,['KTLX'],['s3://unidata-nexrad-level2/2023/04/10/KTLX/KTLX20230410_235127_V06']
2023-04-11 00:50:00,35.49,-97.32,1.0,OUN,HAIL,930815,True,['KTLX'],['s3://unidata-nexrad-level2/2023/04/11/KTLX/KTLX20230411_004553_V06']
2023-04-19 22:04:00,35.04,-97.94,1.0,OUN,HAIL,932981,True,['KTLX'],['s3://unidata-nexrad-level2/2023/04/19/KTLX/KTLX20230419_220043_V06']
2023-04-19 22:06:00,35.04,-97.94,1.25,OUN,HAIL,932983,True,['KTLX'],['s3://unidata-nexrad-level2/2023/04/19/KTLX/KTLX20230419_220558_V06']
2023-04-19 22:07:00,35.05,-97.93,1.25,OUN,HAIL,932985,True,['KTLX'],['s3://unidata-nexrad-level2/2023/04/19/KTLX/KTLX20230419_220558_V06']
2023-04-19 22:18:00,35.04,-97.94,1.75,OUN,HAIL,932996,True,['KTLX'],['s3://unidata-nexrad-level2/2023/04/19/KTLX/KTLX20230419_221638_V06']
2023-04-19 22:31:00,35.38,-97.58,1.0,OUN,HAIL,933003,True,['KTLX'],['s3://unidata-nexrad-level2/2023/04/19/KTLX/KTLX20230419_222726_V06']
2023-04-19 22:37:00,35.4,-97.6,1.0,OUN,HAIL,933008,True,['KTLX'],['s3://unidata-nexrad-level2/2023/04/19/KTLX/KTLX20230419_223240_V06']
2023-04-19 22:39:00,35.39,-97.72,1.0,OUN,HAIL,933012,True,['KTLX'],['s3://unidata-nexrad-level2/2023/04/19/KTLX/KTLX20230419_223756_V06']
2023-04-19 22:40:00,35.39,-97.72,1.0,OUN,HAIL,933013,True,['KTLX'],['s3://unidata-nexrad-level2/2023/04/19/KTLX/KTLX20230419_223756_V06']
2023-04-19 22:41:00,35.14,-97.66,1.0,OUN,HAIL,933016,True,['KTLX'],['s3://unidata-nexrad-level2/2023/04/19/KTLX/KTLX20230419_223756_V06']
2023-04-19 22:45:00,35.54,-97.53,1.0,OUN,HAIL,933020,True,['KTLX'],['s3://unidata-nexrad-level2/2023/04/19/KTLX/KTLX20230419_224304_V06']
2023-04-19 22:45:00,35.6,-97.56,1.25,OUN,HAIL,933021,True,['KTLX'],['s3://unidata-nexrad-level2/2023/04/19/KTLX/KTLX20230419_224304_V06']
2023-04-19 22:46:00,35.18,-97.69,2.75,OUN,HAIL,933022,True,['KTLX'],['s3://unidata-nexrad-level2/2023/04/19/KTLX/KTLX20230419_224304_V06']
2023-04-19 22:47:00,35.16,-97.63,2.0,OUN,HAIL,933024,True,['KTLX'],['s3://unidata-nexrad-level2/2023/04/19/KTLX/KTLX20230419_224304_V06']
2023-04-19 22:49:00,35.62,-97.55,1.5,OUN,HAIL,933026,True,['KTLX'],['s3://unidata-nexrad-level2/2023/04/19/KTLX/KTLX20230419_224812_V06']
2023-04-19 22:50:00,35.15,-97.64,1.75,OUN,HAIL,933030,True,['KTLX'],['s3://unidata-nexrad-level2/2023/04/19/KTLX/KTLX20230419_224812_V06']
2023-04-19 22:50:00,35.64,-97.53,2.0,OUN,HAIL,933031,True,['KTLX'],['s3://unidata-nexrad-level2/2023/04/19/KTLX/KTLX20230419_224812_V06']
2023-04-19 22:52:00,35.23,-97.72,2.25,OUN,HAIL,933033,True,['KTLX'],['s3://unidata-nexrad-level2/2023/04/19/KTLX/KTLX20230419_224812_V06']
2023-04-19 22:55:00,35.24,-97.62,1.75,OUN,HAIL,933039,True,['KTLX'],['s3://unidata-nexrad-level2/2023/04/19/KTLX/KTLX20230419_225337_V06']
2023-04-19 22:55:00,35.66,-97.51,2.0,OUN,HAIL,933040,True,['KTLX'],['s3://unidata-nexrad-level2/2023/04/19/KTLX/KTLX20230419_225337_V06']
2023-04-19 22:55:00,35.67,-97.5,1.75,OUN,HAIL,933038,True,['KTLX'],['s3://unidata-nexrad-level2/2023/04/19/KTLX/KTLX20230419_225337_V06']
2023-04-19 22:58:00,35.2,-97.6,2.5,OUN,HAIL,933043,True,['KTLX'],['s3://unidata-nexrad-level2/2023/04/19/KTLX/KTLX20230419_225337_V06']
2023-04-19 22:59:00,35.72,-97.4,1.25,OUN,HAIL,933045,True,['KTLX'],['s3://unidata-nexrad-level2/2023/04/19/KTLX/KTLX20230419_225838_V06']
2023-04-19 22:59:00,35.73,-97.48,1.75,OUN,HAIL,933044,True,['KTLX'],['s3://unidata-nexrad-level2/2023/04/19/KTLX/KTLX20230419_225838_V06']
2023-04-19 23:00:00,35.26,-97.6,1.5,OUN,HAIL,933046,True,['KTLX'],['s3://unidata-nexrad-level2/2023/04/19/KTLX/KTLX20230419_225838_V06']
2023-04-19 23:00:00,35.26,-97.6,3.0,OUN,HAIL,933049,True,['KTLX'],['s3://unidata-nexrad-level2/2023/04/19/KTLX/KTLX20230419_225838_V06']
2023-04-19 23:01:00,35.62,-97.55,2.0,OUN,HAIL,933051,True,['KTLX'],['s3://unidata-nexrad-level2/2023/04/19/KTLX/KTLX20230419_225838_V06']
2023-04-19 23:01:00,35.63,-97.54,2.25,OUN,HAIL,933052,True,['KTLX'],['s3://unidata-nexrad-level2/2023/04/19/KTLX/KTLX20230419_225838_V06']
2023-04-19 23:05:00,35.5,-97.74,1.5,OUN,HAIL,933056,True,['KTLX'],['s3://unidata-nexrad-level2/2023/04/19/KTLX/KTLX20230419_230340_V06']
2023-04-19 23:05:00,35.5,-97.72,1.75,OUN,HAIL,933057,True,['KTLX'],['s3://unidata-nexrad-level2/2023/04/19/KTLX/KTLX20230419_230340_V06']
2023-04-19 23:09:00,35.24,-97.5,1.0,OUN,HAIL,933060,True,['KTLX'],['s3://unidata-nexrad-level2/2023/04/19/KTLX/KTLX20230419_230841_V06']
2023-04-19 23:09:00,35.54,-97.66,1.5,OUN,HAIL,933061,True,['KTLX'],['s3://unidata-nexrad-level2/2023/04/19/KTLX/KTLX20230419_230841_V06']
2023-04-19 23:13:00,35.57,-97.64,1.75,OUN,HAIL,933066,True,['KTLX'],['s3://unidata-nexrad-level2/2023/04/19/KTLX/KTLX20230419_230841_V06']
2023-04-19 23:14:00,35.22,-97.48,1.75,OUN,HAIL,933068,True,['KTLX'],['s3://unidata-nexrad-level2/2023/04/19/KTLX/KTLX20230419_231343_V06']
2023-04-19 23:14:00,35.27,-97.5,1.5,OUN,HAIL,933067,True,['KTLX'],['s3://unidata-nexrad-level2/2023/04/19/KTLX/KTLX20230419_231343_V06']
2023-04-19 23:14:00,35.58,-97.73,2.5,OUN,HAIL,933069,True,['KTLX'],['s3://unidata-nexrad-level2/2023/04/19/KTLX/KTLX20230419_231343_V06']
2023-04-19 23:15:00,35.57,-97.66,1.25,OUN,HAIL,933072,True,['KTLX'],['s3://unidata-nexrad-level2/2023/04/19/KTLX/KTLX20230419_231343_V06']
2023-04-19 23:15:00,35.58,-97.58,1.75,OUN,HAIL,933070,True,['KTLX'],['s3://unidata-nexrad-level2/2023/04/19/KTLX/KTLX20230419_231343_V06']
2023-04-19 23:16:00,35.83,-97.36,1.25,OUN,HAIL,933074,True,['KTLX'],['s3://unidata-nexrad-level2/2023/04/19/KTLX/KTLX20230419_231343_V06']
2023-04-19 23:22:00,35.69,-97.64,1.25,OUN,HAIL,933078,True,['KTLX'],['s3://unidata-nexrad-level2/2023/04/19/KTLX/KTLX20230419_231851_V06']
2023-04-19 23:33:00,35.1,-97.88,3.0,OUN,HAIL,933091,True,['KTLX'],['s3://unidata-nexrad-level2/2023/04/19/KTLX/KTLX20230419_233022_V06']
2023-04-19 23:55:00,35.86,-97.93,1.0,OUN,HAIL,933105,True,['KTLX'],['s3://unidata-nexrad-level2/2023/04/19/KTLX/KTLX20230419_235053_V06']
2023-04-20 00:12:00,35.45,-97.37,2.0,OUN,HAIL,933119,True,['KTLX'],['s3://unidata-nexrad-level2/2023/04/20/KTLX/KTLX20230420_001002_V06']
2023-04-20 00:18:00,35.05,-97.82,2.75,OUN,HAIL,933122,True,['KTLX'],['s3://unidata-nexrad-level2/2023/04/20/KTLX/KTLX20230420_001609_V06']
2023-04-20 00:23:00,35.13,-97.67,2.5,OUN,HAIL,933128,True,['KTLX'],['s3://unidata-nexrad-level2/2023/04/20/KTLX/KTLX20230420_002236_V06']
2023-04-20 00:25:00,35.48,-97.24,1.5,OUN,HAIL,933129,True,['KTLX'],['s3://unidata-nexrad-level2/2023/04/20/KTLX/KTLX20230420_002236_V06']
2023-04-20 01:04:00,35.39,-97.6,1.0,OUN,HAIL,933151,True,['KTLX'],['s3://unidata-nexrad-level2/2023/04/20/KTLX/KTLX20230420_010216_V06']
2023-04-20 01:10:00,35.14,-97.39,2.0,OUN,HAIL,933157,True,['KTLX'],['s3://unidata-nexrad-level2/2023/04/20/KTLX/KTLX20230420_010844_V06']
2023-04-20 01:11:00,35.14,-97.36,2.0,OUN,HAIL,933161,True,['KTLX'],['s3://unidata-nexrad-level2/2023/04/20/KTLX/KTLX20230420_010844_V06']
2023-04-20 01:20:00,35.18,-97.41,1.25,OUN,HAIL,933167,True,['KTLX'],['s3://unidata-nexrad-level2/2023/04/20/KTLX/KTLX20230420_011535_V06']
2023-04-20 01:45:00,35.32,-97.45,2.0,OUN,HAIL,933183,True,['KTLX'],['s3://unidata-nexrad-level2/2023/04/20/KTLX/KTLX20230420_014231_V06']
2023-04-20 01:54:00,35.32,-97.41,2.25,OUN,HAIL,933186,True,['KTLX'],['s3://unidata-nexrad-level2/2023/04/20/KTLX/KTLX20230420_014922_V06']
2023-04-20 02:00:00,35.32,-97.43,2.0,OUN,HAIL,933191,True,['KTLX'],['s3://unidata-nexrad-level2/2023/04/20/KTLX/KTLX20230420_015559_V06']
2023-04-20 02:39:00,35.32,-97.22,1.0,OUN,HAIL,933207,True,['KTLX'],['s3://unidata-nexrad-level2/2023/04/20/KTLX/KTLX20230420_023652_V06']
