,site,file,dt_start,dt_end,s3_file,window_start,window_end,window_site
0,KTLX,bulk\KTLX20230402_212716_V06,2023-04-02 21:27:16,2023-04-02 21:31:49,s3://unidata-nexrad-level2/2023/04/02/KTLX/KTLX20230402_212716_V06,2023-04-02 21:28:00,2023-04-02 21:58:00,KTLX
1,KTLX,bulk\KTLX20230402_213149_V06,2023-04-02 21:31:49,2023-04-02 21:36:13,s3://unidata-nexrad-level2/2023/04/02/KTLX/KTLX20230402_213149_V06,2023-04-02 21:28:00,2023-04-02 21:58:00,KTLX
2,KTLX,bulk\KTLX20230402_213613_V06,2023-04-02 21:36:13,2023-04-02 21:40:41,s3://unidata-nexrad-level2/2023/04/02/KTLX/KTLX20230402_213613_V06,2023-04-02 21:28:00,2023-04-02 21:58:00,KTLX
3,KTLX,bulk\KTLX20230402_214041_V06,2023-04-02 21:40:41,2023-04-02 21:45:11,s3://unidata-nexrad-level2/2023/04/02/KTLX/KTLX20230402_214041_V06,2023-04-02 21:28:00,2023-04-02 21:58:00,KTLX
4,KTLX,bulk\KTLX20230402_214511_V06,2023-04-02 21:45:11,2023-04-02 21:49:39,s3://unidata-nexrad-level2/2023/04/02/KTLX/KTLX20230402_214511_V06,2023-04-02 21:28:00,2023-04-02 21:58:00,KTLX
5,KTLX,bulk\KTLX20230402_214939_V06,2023-04-02 21:49:39,2023-04-02 21:54:35,s3://unidata-nexrad-level2/2023/04/02/KTLX/KTLX20230402_214939_V06,2023-04-02 21:28:00,2023-04-02 21:58:00,KTLX
6,KTLX,bulk\KTLX20230402_215435_V06,2023-04-02 21:54:35,2023-04-02 21:59:35,s3://unidata-nexrad-level2/2023/04/02/KTLX/KTLX20230402_215435_V06,2023-04-02 21:28:00,2023-04-02 21:58:00,KTLX
7,KTLX,bulk\KTLX20230410_221253_V06,2023-04-10 22:12:53,2023-04-10 22:16:55,s3://unidata-nexrad-level2/2023/04/10/KTLX/KTLX20230410_221253_V06,2023-04-10 22:15:00,2023-04-10 22:49:00,KTLX
8,KTLX,bulk\KTLX20230410_221655_V06,2023-04-10 22:16:55,2023-04-10 22:20:38,s3://unidata-nexrad-level2/2023/04/10/KTLX/KTLX20230410_221655_V06,2023-04-10 22:15:00,2023-04-10 22:49:00,KTLX
9,KTLX,bulk\KTLX20230410_222038_V06,2023-04-10 22:20:38,2023-04-10 22:24:35,s3://unidata-nexrad-level2/2023/04/10/KTLX/KTLX20230410_222038_V06,2023-04-10 22:15:00,2023-04-10 22:49:00,KTLX
10,KTLX,bulk\KTLX20230410_222435_V06,2023-04-10 22:24:35,2023-04-10 22:28:37,s3://unidata-nexrad-level2/2023/04/10/KTLX/KTLX20230410_222435_V06,2023-04-10 22:15:00,2023-04-10 22:49:00,KTLX
11,KTLX,bulk\KTLX20230410_222837_V06,2023-04-10 22:28:37,2023-04-10 22:32:34,s3://unidata-nexrad-level2/2023/04/10/KTLX/KTLX20230410_222837_V06,2023-04-10 22:15:00,2023-04-10 22:49:00,KTLX
12,KTLX,bulk\KTLX20230410_223234_V06,2023-04-10 22:32:34,2023-04-10 22:36:30,s3://unidata-nexrad-level2/2023/04/10/KTLX/KTLX20230410_223234_V06,2023-04-10 22:15:00,2023-04-10 22:49:00,KTLX
13,KTLX,bulk\KTLX20230410_223630_V06,2023-04-10 22:36:30,2023-04-10 22:40:51,s3://unidata-nexrad-level2/2023/04/10/KTLX/KTLX20230410_223630_V06,2023-04-10 22:15:00,2023-04-10 22:49:00,KTLX
14,KTLX,bulk\KTLX20230410_224051_V06,2023-04-10 22:40:51,2023-04-10 22:45:06,s3://unidata-nexrad-level2/2023/04/10/KTLX/KTLX20230410_224051_V06,2023-04-10 22:15:00,2023-04-10 22:49:00,KTLX
15,KTLX,bulk\KTLX20230410_224506_V06,2023-04-10 22:45:06,2023-04-10 22:49:21,s3://unidata-nexrad-level2/2023/04/10/KTLX/KTLX20230410_224506_V06,2023-04-10 22:15:00,2023-04-10 22:49:00,KTLX
16,KTLX,bulk\KTLX20230410_224921_V06,2023-04-10 22:49:21,2023-04-10 22:53:31,s3://unidata-nexrad-level2/2023/04/10/KTLX/KTLX20230410_224921_V06,2023-04-10 22:50:00,2023-04-11 00:11:00,KTLX
17,KTLX,bulk\KTLX20230410_225331_V06,2023-04-10 22:53:31,2023-04-10 22:57:47,s3://unidata-nexrad-level2/2023/04/10/KTLX/KTLX20230410_225331_V06,2023-04-10 22:50:00,2023-04-11 00:11:00,KTLX
18,KTLX,bulk\KTLX20230410_225747_V06,2023-04-10 22:57:47,2023-04-10 23:02:07,s3://unidata-nexrad-level2/2023/04/10/KTLX/KTLX20230410_225747_V06,2023-04-10 22:50:00,2023-04-11 00:11:00,KTLX
19,KTLX,bulk\KTLX20230410_230207_V06,2023-04-10 23:02:07,2023-04-10 23:06:33,s3://unidata-nexrad-level2/2023/04/10/KTLX/KTLX20230410_230207_V06,2023-04-10 22:50:00,2023-04-11 00:11:00,KTLX
20,KTLX,bulk\KTLX20230410_230633_V06,2023-04-10 23:06:33,2023-04-10 23:11:00,s3://unidata-nexrad-level2/2023/04/10/KTLX/KTLX20230410_230633_V06,2023-04-10 22:50:00,2023-04-11 00:11:00,KTLX
21,KTLX,bulk\KTLX20230410_231100_V06,2023-04-10 23:11:00,2023-04-10 23:15:26,s3://unidata-nexrad-level2/2023/04/10/KTLX/KTLX20230410_231100_V06,2023-04-10 22:50:00,2023-04-11 00:11:00,KTLX
22,KTLX,bulk\KTLX20230410_231526_V06,2023-04-10 23:15:26,2023-04-10 23:19:41,s3://unidata-nexrad-level2/2023/04/10/KTLX/KTLX20230410_231526_V06,2023-04-10 22:50:00,2023-04-11 00:11:00,KTLX
23,KTLX,bulk\KTLX20230410_231941_V06,2023-04-10 23:19:41,2023-04-10 23:24:01,s3://unidata-nexrad-level2/2023/04/10/KTLX/KTLX20230410_231941_V06,2023-04-10 22:50:00,2023-04-11 00:11:00,KTLX
24,KTLX,bulk\KTLX20230410_232401_V06,2023-04-10 23:24:01,2023-04-10 23:28:29,s3://unidata-nexrad-level2/2023/04/10/KTLX/KTLX20230410_232401_V06,2023-04-10 22:50:00,2023-04-11 00:11:00,KTLX
25,KTLX,bulk\KTLX20230410_232829_V06,2023-04-10 23:28:29,2023-04-10 23:33:10,s3://unidata-nexrad-level2/2023/04/10/KTLX/KTLX20230410_232829_V06,2023-04-10 22:50:00,2023-04-11 00:11:00,KTLX
26,KTLX,bulk\KTLX20230410_233310_V06,2023-04-10 23:33:10,2023-04-10 23:37:39,s3://unidata-nexrad-level2/2023/04/10/KTLX/KTLX20230410_233310_V06,2023-04-10 22:50:00,2023-04-11 00:11:00,KTLX
27,KTLX,bulk\KTLX20230410_233739_V06,2023-04-10 23:37:39,2023-04-10 23:42:13,s3://unidata-nexrad-level2/2023/04/10/KTLX/KTLX20230410_233739_V06,2023-04-10 22:50:00,2023-04-11 00:11:00,KTLX
28,KTLX,bulk\KTLX20230410_234213_V06,2023-04-10 23:42:13,2023-04-10 23:46:53,s3://unidata-nexrad-level2/2023/04/10/KTLX/KTLX20230410_234213_V06,2023-04-10 22:50:00,2023-04-11 00:11:00,KTLX
29,KTLX,bulk\KTLX20230410_234653_V06,2023-04-10 23:46:53,2023-04-10 23:51:27,s3://unidata-nexrad-level2/2023/04/10/KTLX/KTLX20230410_234653_V06,2023-04-10 22:50:00,2023-04-11 00:11:00,KTLX
30,KTLX,bulk\KTLX20230410_235127_V06,2023-04-10 23:51:27,2023-04-10 23:56:08,s3://unidata-nexrad-level2/2023/04/10/KTLX/KTLX20230410_235127_V06,2023-04-10 22:50:00,2023-04-11 00:11:00,KTLX
31,KTLX,bulk\KTLX20230410_235608_V06,2023-04-10 23:56:08,2023-04-11 00:00:50,s3://unidata-nexrad-level2/2023/04/10/KTLX/KTLX20230410_235608_V06,2023-04-10 22:50:00,2023-04-11 00:11:00,KTLX
32,KTLX,bulk\KTLX20230411_000050_V06,2023-04-11 00:00:50,2023-04-11 00:05:31,s3://unidata-nexrad-level2/2023/04/11/KTLX/KTLX20230411_000050_V06,2023-04-10 22:50:00,2023-04-11 00:11:00,KTLX
33,KTLX,bulk\KTLX20230411_000531_V06,2023-04-11 00:05:31,2023-04-11 00:10:13,s3://unidata-nexrad-level2/2023/04/11/KTLX/KTLX20230411_000531_V06,2023-04-10 22:50:00,2023-04-11 00:11:00,KTLX
34,KTLX,bulk\KTLX20230411_001013_V06,2023-04-11 00:10:13,2023-04-11 00:14:54,s3://unidata-nexrad-level2/2023/04/11/KTLX/KTLX20230411_001013_V06,2023-04-10 22:50:00,2023-04-11 00:11:00,KTLX
35,KTLX,bulk\KTLX20230411_003255_V06,2023-04-11 00:32:55,2023-04-11 00:37:14,s3://unidata-nexrad-level2/2023/04/11/KTLX/KTLX20230411_003255_V06,2023-04-11 00:35:00,2023-04-11 01:05:00,KTLX
36,KTLX,bulk\KTLX20230411_003714_V06,2023-04-11 00:37:14,2023-04-11 00:41:33,s3://unidata-nexrad-level2/2023/04/11/KTLX/KTLX20230411_003714_V06,2023-04-11 00:35:00,2023-04-11 01:05:00,KTLX
37,KTLX,bulk\KTLX20230411_004133_V06,2023-04-11 00:41:33,2023-04-11 00:45:53,s3://unidata-nexrad-level2/2023/04/11/KTLX/KTLX20230411_004133_V06,2023-04-11 00:35:00,2023-04-11 01:05:00,KTLX
38,KTLX,bulk\KTLX20230411_004553_V06,2023-04-11 00:45:53,2023-04-11 00:50:12,s3://unidata-nexrad-level2/2023/04/11/KTLX/KTLX20230411_004553_V06,2023-04-11 00:35:00,2023-04-11 01:05:00,KTLX
39,KTLX,bulk\KTLX20230411_005012_V06,2023-04-11 00:50:12,2023-04-11 00:54:32,s3://unidata-nexrad-level2/2023/04/11/KTLX/KTLX20230411_005012_V06,2023-04-11 00:35:00,2023-04-11 01:05:00,KTLX
40,KTLX,bulk\KTLX20230411_005432_V06,2023-04-11 00:54:32,2023-04-11 00:58:51,s3://unidata-nexrad-level2/2023/04/11/KTLX/KTLX20230411_005432_V06,2023-04-11 00:35:00,2023-04-11 01:05:00,KTLX
41,KTLX,bulk\KTLX20230411_005851_V06,2023-04-11 00:58:51,2023-04-11 01:03:10,s3://unidata-nexrad-level2/2023/04/11/KTLX/KTLX20230411_005851_V06,2023-04-11 00:35:00,2023-04-11 01:05:00,KTLX
42,KTLX,bulk\KTLX20230411_010310_V06,2023-04-11 01:03:10,2023-04-11 01:07:29,s3://unidata-nexrad-level2/2023/04/11/KTLX/KTLX20230411_010310_V06,2023-04-11 00:35:00,2023-04-11 01:05:00,KTLX
43,KTLX,bulk\KTLX20230417_001624_V06,2023-04-17 00:16:24,2023-04-17 00:21:24,s3://unidata-nexrad-level2/2023/04/17/KTLX/KTLX20230417_001624_V06,2023-04-17 00:15:00,2023-04-17 00:45:00,KTLX
44,KTLX,bulk\KTLX20230417_002307_V06,2023-04-17 00:23:07,2023-04-17 00:28:07,s3://unidata-nexrad-level2/2023/04/17/KTLX/KTLX20230417_002307_V06,2023-04-17 00:15:00,2023-04-17 00:45:00,KTLX
45,KTLX,bulk\KTLX20230417_002954_V06,2023-04-17 00:29:54,2023-04-17 00:34:54,s3://unidata-nexrad-level2/2023/04/17/KTLX/KTLX20230417_002954_V06,2023-04-17 00:15:00,2023-04-17 00:45:00,KTLX
46,KTLX,bulk\KTLX20230417_003641_V06,2023-04-17 00:36:41,2023-04-17 00:41:41,s3://unidata-nexrad-level2/2023/04/17/KTLX/KTLX20230417_003641_V06,2023-04-17 00:15:00,2023-04-17 00:45:00,KTLX
47,KTLX,bulk\KTLX20230417_004325_V06,2023-04-17 00:43:25,2023-04-17 00:48:25,s3://unidata-nexrad-level2/2023/04/17/KTLX/KTLX20230417_004325_V06,2023-04-17 00:15:00,2023-04-17 00:45:00,KTLX
48,KTLX,bulk\KTLX20230419_001447_V06,2023-04-19 00:14:47,2023-04-19 00:19:47,s3://unidata-nexrad-level2/2023/04/19/KTLX/KTLX20230419_001447_V06,2023-04-19 00:15:00,2023-04-19 01:05:00,KTLX
49,KTLX,bulk\KTLX20230419_002130_V06,2023-04-19 00:21:30,2023-04-19 00:26:30,s3://unidata-nexrad-level2/2023/04/19/KTLX/KTLX20230419_002130_V06,2023-04-19 00:15:00,2023-04-19 01:05:00,KTLX
50,KTLX,bulk\KTLX20230419_002831_V06,2023-04-19 00:28:31,2023-04-19 00:33:31,s3://unidata-nexrad-level2/2023/04/19/KTLX/KTLX20230419_002831_V06,2023-04-19 00:15:00,2023-04-19 01:05:00,KTLX
51,KTLX,bulk\KTLX20230419_003522_V06,2023-04-19 00:35:22,2023-04-19 00:40:22,s3://unidata-nexrad-level2/2023/04/19/KTLX/KTLX20230419_003522_V06,2023-04-19 00:15:00,2023-04-19 01:05:00,KTLX
52,KTLX,bulk\KTLX20230419_004223_V06,2023-04-19 00:42:23,2023-04-19 00:47:23,s3://unidata-nexrad-level2/2023/04/19/KTLX/KTLX20230419_004223_V06,2023-04-19 00:15:00,2023-04-19 01:05:00,KTLX
53,KTLX,bulk\KTLX20230419_004924_V06,2023-04-19 00:49:24,2023-04-19 00:54:24,s3://unidata-nexrad-level2/2023/04/19/KTLX/KTLX20230419_004924_V06,2023-04-19 00:15:00,2023-04-19 01:05:00,KTLX
54,KTLX,bulk\KTLX20230419_005627_V06,2023-04-19 00:56:27,2023-04-19 01:01:27,s3://unidata-nexrad-level2/2023/04/19/KTLX/KTLX20230419_005627_V06,2023-04-19 00:15:00,2023-04-19 01:05:00,KTLX
55,KTLX,bulk\KTLX20230419_010323_V06,2023-04-19 01:03:23,2023-04-19 01:08:23,s3://unidata-nexrad-level2/2023/04/19/KTLX/KTLX20230419_010323_V06,2023-04-19 00:15:00,2023-04-19 01:05:00,KTLX
56,KTLX,bulk\KTLX20230419_214531_V06,2023-04-19 21:45:31,2023-04-19 21:50:05,s3://unidata-nexrad-level2/2023/04/19/KTLX/KTLX20230419_214531_V06,2023-04-19 21:49:00,2023-04-20 02:54:00,KTLX
57,KTLX,bulk\KTLX20230419_215005_V06,2023-04-19 21:50:05,2023-04-19 21:55:05,s3://unidata-nexrad-level2/2023/04/19/KTLX/KTLX20230419_215005_V06,2023-04-19 21:49:00,2023-04-20 02:54:00,KTLX
58,KTLX,bulk\KTLX20230419_215529_V06,2023-04-19 21:55:29,2023-04-19 22:00:29,s3://unidata-nexrad-level2/2023/04/19/KTLX/KTLX20230419_215529_V06,2023-04-19 21:49:00,2023-04-20 02:54:00,KTLX
59,KTLX,bulk\KTLX20230419_220043_V06,2023-04-19 22:00:43,2023-04-19 22:05:43,s3://unidata-nexrad-level2/2023/04/19/KTLX/KTLX20230419_220043_V06,2023-04-19 21:49:00,2023-04-20 02:54:00,KTLX
60,KTLX,bulk\KTLX20230419_220558_V06,2023-04-19 22:05:58,2023-04-19 22:10:58,s3://unidata-nexrad-level2/2023/04/19/KTLX/KTLX20230419_220558_V06,2023-04-19 21:49:00,2023-04-20 02:54:00,KTLX
61,KTLX,bulk\KTLX20230419_221114_V06,2023-04-19 22:11:14,2023-04-19 22:16:14,s3://unidata-nexrad-level2/2023/04/19/KTLX/KTLX20230419_221114_V06,2023-04-19 21:49:00,2023-04-20 02:54:00,KTLX
62,KTLX,bulk\KTLX20230419_221638_V06,2023-04-19 22:16:38,2023-04-19 22:21:38,s3://unidata-nexrad-level2/2023/04/19/KTLX/KTLX20230419_221638_V06,2023-04-19 21:49:00,2023-04-20 02:54:00,KTLX
63,KTLX,bulk\KTLX20230419_222202_V06,2023-04-19 22:22:02,2023-04-19 22:27:02,s3://unidata-nexrad-level2/2023/04/19/KTLX/KTLX20230419_222202_V06,2023-04-19 21:49:00,2023-04-20 02:54:00,KTLX
64,KTLX,bulk\KTLX20230419_222726_V06,2023-04-19 22:27:26,2023-04-19 22:32:26,s3://unidata-nexrad-level2/2023/04/19/KTLX/KTLX20230419_222726_V06,2023-04-19 21:49:00,2023-04-20 02:54:00,KTLX
65,KTLX,bulk\KTLX20230419_223240_V06,2023-04-19 22:32:40,2023-04-19 22:37:40,s3://unidata-nexrad-level2/2023/04/19/KTLX/KTLX20230419_223240_V06,2023-04-19 21:49:00,2023-04-20 02:54:00,KTLX
66,KTLX,bulk\KTLX20230419_223756_V06,2023-04-19 22:37:56,2023-04-19 22:42:56,s3://unidata-nexrad-level2/2023/04/19/KTLX/KTLX20230419_223756_V06,2023-04-19 21:49:00,2023-04-20 02:54:00,KTLX
67,KTLX,bulk\KTLX20230419_224304_V06,2023-04-19 22:43:04,2023-04-19 22:48:04,s3://unidata-nexrad-level2/2023/04/19/KTLX/KTLX20230419_224304_V06,2023-04-19 21:49:00,2023-04-20 02:54:00,KTLX
68,KTLX,bulk\KTLX20230419_224812_V06,2023-04-19 22:48:12,2023-04-19 22:53:12,s3://unidata-nexrad-level2/2023/04/19/KTLX/KTLX20230419_224812_V06,2023-04-19 21:49:00,2023-04-20 02:54:00,KTLX
69,KTLX,bulk\KTLX20230419_225337_V06,2023-04-19 22:53:37,2023-04-19 22:58:37,s3://unidata-nexrad-level2/2023/04/19/KTLX/KTLX20230419_225337_V06,2023-04-19 21:49:00,2023-04-20 02:54:00,KTLX
70,KTLX,bulk\KTLX20230419_225838_V06,2023-04-19 22:58:38,2023-04-19 23:03:38,s3://unidata-nexrad-level2/2023/04/19/KTLX/KTLX20230419_225838_V06,2023-04-19 21:49:00,2023-04-20 02:54:00,KTLX
71,KTLX,bulk\KTLX20230419_230340_V06,2023-04-19 23:03:40,2023-04-19 23:08:40,s3://unidata-nexrad-level2/2023/04/19/KTLX/KTLX20230419_230340_V06,2023-04-19 21:49:00,2023-04-20 02:54:00,KTLX
72,KTLX,bulk\KTLX20230419_230841_V06,2023-04-19 23:08:41,2023-04-19 23:13:41,s3://unidata-nexrad-level2/2023/04/19/KTLX/KTLX20230419_230841_V06,2023-04-19 21:49:00,2023-04-20 02:54:00,KTLX
73,KTLX,bulk\KTLX20230419_231343_V06,2023-04-19 23:13:43,2023-04-19 23:18:43,s3://unidata-nexrad-level2/2023/04/19/KTLX/KTLX20230419_231343_V06,2023-04-19 21:49:00,2023-04-20 02:54:00,KTLX
74,KTLX,bulk\KTLX20230419_231851_V06,2023-04-19 23:18:51,2023-04-19 23:23:51,s3://unidata-nexrad-level2/2023/04/19/KTLX/KTLX20230419_231851_V06,2023-04-19 21:49:00,2023-04-20 02:54:00,KTLX
75,KTLX,bulk\KTLX20230419_232414_V06,2023-04-19 23:24:14,2023-04-19 23:29:14,s3://unidata-nexrad-level2/2023/04/19/KTLX/KTLX20230419_232414_V06,2023-04-19 21:49:00,2023-04-20 02:54:00,KTLX
76,KTLX,bulk\KTLX20230419_233022_V06,2023-04-19 23:30:22,2023-04-19 23:35:22,s3://unidata-nexrad-level2/2023/04/19/KTLX/KTLX20230419_233022_V06,2023-04-19 21:49:00,2023-04-20 02:54:00,KTLX
77,KTLX,bulk\KTLX20230419_233712_V06,2023-04-19 23:37:12,2023-04-19 23:42:12,s3://unidata-nexrad-level2/2023/04/19/KTLX/KTLX20230419_233712_V06,2023-04-19 21:49:00,2023-04-20 02:54:00,KTLX
78,KTLX,bulk\KTLX20230419_234402_V06,2023-04-19 23:44:02,2023-04-19 23:49:02,s3://unidata-nexrad-level2/2023/04/19/KTLX/KTLX20230419_234402_V06,2023-04-19 21:49:00,2023-04-20 02:54:00,KTLX
79,KTLX,bulk\KTLX20230419_235053_V06,2023-04-19 23:50:53,2023-04-19 23:55:53,s3://unidata-nexrad-level2/2023/04/19/KTLX/KTLX20230419_235053_V06,2023-04-19 21:49:00,2023-04-20 02:54:00,KTLX
80,KTLX,bulk\KTLX20230419_235720_V06,2023-04-19 23:57:20,2023-04-20 00:02:20,s3://unidata-nexrad-level2/2023/04/19/KTLX/KTLX20230419_235720_V06,2023-04-19 21:49:00,2023-04-20 02:54:00,KTLX
81,KTLX,bulk\KTLX20230420_000345_V06,2023-04-20 00:03:45,2023-04-20 00:08:45,s3://unidata-nexrad-level2/2023/04/20/KTLX/KTLX20230420_000345_V06,2023-04-19 21:49:00,2023-04-20 02:54:00,KTLX
82,KTLX,bulk\KTLX20230420_001002_V06,2023-04-20 00:10:02,2023-04-20 00:15:02,s3://unidata-nexrad-level2/2023/04/20/KTLX/KTLX20230420_001002_V06,2023-04-19 21:49:00,2023-04-20 02:54:00,KTLX
83,KTLX,bulk\KTLX20230420_001609_V06,2023-04-20 00:16:09,2023-04-20 00:21:09,s3://unidata-nexrad-level2/2023/04/20/KTLX/KTLX20230420_001609_V06,2023-04-19 21:49:00,2023-04-20 02:54:00,KTLX
84,KTLX,bulk\KTLX20230420_002236_V06,2023-04-20 00:22:36,2023-04-20 00:27:36,s3://unidata-nexrad-level2/2023/04/20/KTLX/KTLX20230420_002236_V06,2023-04-19 21:49:00,2023-04-20 02:54:00,KTLX
85,KTLX,bulk\KTLX20230420_002926_V06,2023-04-20 00:29:26,2023-04-20 00:34:26,s3://unidata-nexrad-level2/2023/04/20/KTLX/KTLX20230420_002926_V06,2023-04-19 21:49:00,2023-04-20 02:54:00,KTLX
86,KTLX,bulk\KTLX20230420_003544_V06,2023-04-20 00:35:44,2023-04-20 00:40:44,s3://unidata-nexrad-level2/2023/04/20/KTLX/KTLX20230420_003544_V06,2023-04-19 21:49:00,2023-04-20 02:54:00,KTLX
87,KTLX,bulk\KTLX20230420_004221_V06,2023-04-20 00:42:21,2023-04-20 00:47:21,s3://unidata-nexrad-level2/2023/04/20/KTLX/KTLX20230420_004221_V06,2023-04-19 21:49:00,2023-04-20 02:54:00,KTLX
88,KTLX,bulk\KTLX20230420_004858_V06,2023-04-20 00:48:58,2023-04-20 00:53:58,s3://unidata-nexrad-level2/2023/04/20/KTLX/KTLX20230420_004858_V06,2023-04-19 21:49:00,2023-04-20 02:54:00,KTLX
89,KTLX,bulk\KTLX20230420_005549_V06,2023-04-20 00:55:49,2023-04-20 01:00:49,s3://unidata-nexrad-level2/2023/04/20/KTLX/KTLX20230420_005549_V06,2023-04-19 21:49:00,2023-04-20 02:54:00,KTLX
90,KTLX,bulk\KTLX20230420_010216_V06,2023-04-20 01:02:16,2023-04-20 01:07:16,s3://unidata-nexrad-level2/2023/04/20/KTLX/KTLX20230420_010216_V06,2023-04-19 21:49:00,2023-04-20 02:54:00,KTLX
91,KTLX,bulk\KTLX20230420_010844_V06,2023-04-20 01:08:44,2023-04-20 01:13:44,s3://unidata-nexrad-level2/2023/04/20/KTLX/KTLX20230420_010844_V06,2023-04-19 21:49:00,2023-04-20 02:54:00,KTLX
92,KTLX,bulk\KTLX20230420_011535_V06,2023-04-20 01:15:35,2023-04-20 01:20:35,s3://unidata-nexrad-level2/2023/04/20/KTLX/KTLX20230420_011535_V06,2023-04-19 21:49:00,2023-04-20 02:54:00,KTLX
93,KTLX,bulk\KTLX20230420_012226_V06,2023-04-20 01:22:26,2023-04-20 01:27:26,s3://unidata-nexrad-level2/2023/04/20/KTLX/KTLX20230420_012226_V06,2023-04-19 21:49:00,2023-04-20 02:54:00,KTLX
94,KTLX,bulk\KTLX20230420_012903_V06,2023-04-20 01:29:03,2023-04-20 01:34:03,s3://unidata-nexrad-level2/2023/04/20/KTLX/KTLX20230420_012903_V06,2023-04-19 21:49:00,2023-04-20 02:54:00,KTLX
95,KTLX,bulk\KTLX20230420_013540_V06,2023-04-20 01:35:40,2023-04-20 01:40:40,s3://unidata-nexrad-level2/2023/04/20/KTLX/KTLX20230420_013540_V06,2023-04-19 21:49:00,2023-04-20 02:54:00,KTLX
96,KTLX,bulk\KTLX20230420_014231_V06,2023-04-20 01:42:31,2023-04-20 01:47:31,s3://unidata-nexrad-level2/2023/04/20/KTLX/KTLX20230420_014231_V06,2023-04-19 21:49:00,2023-04-20 02:54:00,KTLX
97,KTLX,bulk\KTLX20230420_014922_V06,2023-04-20 01:49:22,2023-04-20 01:54:22,s3://unidata-nexrad-level2/2023/04/20/KTLX/KTLX20230420_014922_V06,2023-04-19 21:49:00,2023-04-20 02:54:00,KTLX
98,KTLX,bulk\KTLX20230420_015559_V06,2023-04-20 01:55:59,2023-04-20 02:00:59,s3://unidata-nexrad-level2/2023/04/20/KTLX/KTLX20230420_015559_V06,2023-04-19 21:49:00,2023-04-20 02:54:00,KTLX
99,KTLX,bulk\KTLX20230420_020236_V06,2023-04-20 02:02:36,2023-04-20 02:07:36,s3://unidata-nexrad-level2/2023/04/20/KTLX/KTLX20230420_020236_V06,2023-04-19 21:49:00,2023-04-20 02:54:00,KTLX
100,KTLX,bulk\KTLX20230420_020928_V06,2023-04-20 02:09:28,2023-04-20 02:14:28,s3://unidata-nexrad-level2/2023/04/20/KTLX/KTLX20230420_020928_V06,2023-04-19 21:49:00,2023-04-20 02:54:00,KTLX
101,KTLX,bulk\KTLX20230420_021619_V06,2023-04-20 02:16:19,2023-04-20 02:21:19,s3://unidata-nexrad-level2/2023/04/20/KTLX/KTLX20230420_021619_V06,2023-04-19 21:49:00,2023-04-20 02:54:00,KTLX
102,KTLX,bulk\KTLX20230420_022310_V06,2023-04-20 02:23:10,2023-04-20 02:28:10,s3://unidata-nexrad-level2/2023/04/20/KTLX/KTLX20230420_022310_V06,2023-04-19 21:49:00,2023-04-20 02:54:00,KTLX
103,KTLX,bulk\KTLX20230420_023000_V06,2023-04-20 02:30:00,2023-04-20 02:35:00,s3://unidata-nexrad-level2/2023/04/20/KTLX/KTLX20230420_023000_V06,2023-04-19 21:49:00,2023-04-20 02:54:00,KTLX
104,KTLX,bulk\KTLX20230420_023652_V06,2023-04-20 02:36:52,2023-04-20 02:41:52,s3://unidata-nexrad-level2/2023/04/20/KTLX/KTLX20230420_023652_V06,2023-04-19 21:49:00,2023-04-20 02:54:00,KTLX
105,KTLX,bulk\KTLX20230420_024344_V06,2023-04-20 02:43:44,2023-04-20 02:48:44,s3://unidata-nexrad-level2/2023/04/20/KTLX/KTLX20230420_024344_V06,2023-04-19 21:49:00,2023-04-20 02:54:00,KTLX
106,KTLX,bulk\KTLX20230420_024952_V06,2023-04-20 02:49:52,2023-04-20 02:54:52,s3://unidata-nexrad-level2/2023/04/20/KTLX/KTLX20230420_024952_V06,2023-04-19 21:49:00,2023-04-20 02:54:00,KTLX
107,KTLX,bulk\KTLX20230420_032155_V06,2023-04-20 03:21:55,2023-04-20 03:26:55,s3://unidata-nexrad-level2/2023/04/20/KTLX/KTLX20230420_032155_V06,2023-04-20 03:24:00,2023-04-20 03:54:00,KTLX
108,KTLX,bulk\KTLX20230420_032801_V06,2023-04-20 03:28:01,2023-04-20 03:33:01,s3://unidata-nexrad-level2/2023/04/20/KTLX/KTLX20230420_032801_V06,2023-04-20 03:24:00,2023-04-20 03:54:00,KTLX
109,KTLX,bulk\KTLX20230420_033418_V06,2023-04-20 03:34:18,2023-04-20 03:39:18,s3://unidata-nexrad-level2/2023/04/20/KTLX/KTLX20230420_033418_V06,2023-04-20 03:24:00,2023-04-20 03:54:00,KTLX
110,KTLX,bulk\KTLX20230420_034055_V06,2023-04-20 03:40:55,2023-04-20 03:45:55,s3://unidata-nexrad-level2/2023/04/20/KTLX/KTLX20230420_034055_V06,2023-04-20 03:24:00,2023-04-20 03:54:00,KTLX
111,KTLX,bulk\KTLX20230420_034746_V06,2023-04-20 03:47:46,2023-04-20 03:52:46,s3://unidata-nexrad-level2/2023/04/20/KTLX/KTLX20230420_034746_V06,2023-04-20 03:24:00,2023-04-20 03:54:00,KTLX
112,KTLX,bulk\KTLX20230420_191957_V06,2023-04-20 19:19:57,2023-04-20 19:23:25,s3://unidata-nexrad-level2/2023/04/20/KTLX/KTLX20230420_191957_V06,2023-04-20 19:21:00,2023-04-20 19:51:00,KTLX
113,KTLX,bulk\KTLX20230420_192325_V06,2023-04-20 19:23:25,2023-04-20 19:26:43,s3://unidata-nexrad-level2/2023/04/20/KTLX/KTLX20230420_192325_V06,2023-04-20 19:21:00,2023-04-20 19:51:00,KTLX
114,KTLX,bulk\KTLX20230420_192643_V06,2023-04-20 19:26:43,2023-04-20 19:30:01,s3://unidata-nexrad-level2/2023/04/20/KTLX/KTLX20230420_192643_V06,2023-04-20 19:21:00,2023-04-20 19:51:00,KTLX
115,KTLX,bulk\KTLX20230420_193001_V06,2023-04-20 19:30:01,2023-04-20 19:33:20,s3://unidata-nexrad-level2/2023/04/20/KTLX/KTLX20230420_193001_V06,2023-04-20 19:21:00,2023-04-20 19:51:00,KTLX
116,KTLX,bulk\KTLX20230420_193320_V06,2023-04-20 19:33:20,2023-04-20 19:36:37,s3://unidata-nexrad-level2/2023/04/20/KTLX/KTLX20230420_193320_V06,2023-04-20 19:21:00,2023-04-20 19:51:00,KTLX
117,KTLX,bulk\KTLX20230420_193637_V06,2023-04-20 19:36:37,2023-04-20 19:40:05,s3://unidata-nexrad-level2/2023/04/20/KTLX/KTLX20230420_193637_V06,2023-04-20 19:21:00,2023-04-20 19:51:00,KTLX
118,KTLX,bulk\KTLX20230420_194005_V06,2023-04-20 19:40:05,2023-04-20 19:43:33,s3://unidata-nexrad-level2/2023/04/20/KTLX/KTLX20230420_194005_V06,2023-04-20 19:21:00,2023-04-20 19:51:00,KTLX
119,KTLX,bulk\KTLX20230420_194333_V06,2023-04-20 19:43:33,2023-04-20 19:47:01,s3://unidata-nexrad-level2/2023/04/20/KTLX/KTLX20230420_194333_V06,2023-04-20 19:21:00,2023-04-20 19:51:00,KTLX
120,KTLX,bulk\KTLX20230420_194701_V06,2023-04-20 19:47:01,2023-04-20 19:50:30,s3://unidata-nexrad-level2/2023/04/20/KTLX/KTLX20230420_194701_V06,2023-04-20 19:21:00,2023-04-20 19:51:00,KTLX
121,KTLX,bulk\KTLX20230420_195030_V06,2023-04-20 19:50:30,2023-04-20 19:53:48,s3://unidata-nexrad-level2/2023/04/20/KTLX/KTLX20230420_195030_V06,2023-04-20 19:21:00,2023-04-20 19:51:00,KTLX
